2026-07-07 14:48:49.139 INFO  [restartedMain] c.m.editorial.EditorialApplication - Starting EditorialApplication using Java 21.0.11 with PID 30492 (C:\Users\2506597\Downloads\editorial_updated_\editorial\target\classes started by 2506597 in C:\Users\2506597\Downloads\editorial_updated_\editorial)
2026-07-07 14:48:49.140 DEBUG [restartedMain] c.m.editorial.EditorialApplication - Running with Spring Boot v3.3.4, Spring v6.1.13
2026-07-07 14:48:49.141 INFO  [restartedMain] c.m.editorial.EditorialApplication - No active profile set, falling back to 1 default profile: "default"
2026-07-07 14:48:49.222 INFO  [restartedMain] o.s.b.d.e.DevToolsPropertyDefaultsPostProcessor - Devtools property defaults active! Set 'spring.devtools.add-properties' to 'false' to disable
2026-07-07 14:48:49.223 INFO  [restartedMain] o.s.b.d.e.DevToolsPropertyDefaultsPostProcessor - For additional web related logging consider setting the 'logging.level.web' property to 'DEBUG'
2026-07-07 14:48:51.241 INFO  [restartedMain] o.s.d.r.c.RepositoryConfigurationDelegate - Bootstrapping Spring Data JPA repositories in DEFAULT mode.
2026-07-07 14:48:51.510 INFO  [restartedMain] o.s.d.r.c.RepositoryConfigurationDelegate - Finished Spring Data repository scanning in 251 ms. Found 3 JPA repository interfaces.
2026-07-07 14:48:52.937 INFO  [restartedMain] o.s.b.w.e.tomcat.TomcatWebServer - Tomcat initialized with port 9093 (http)
2026-07-07 14:48:52.962 INFO  [restartedMain] o.a.coyote.http11.Http11NioProtocol - Initializing ProtocolHandler ["http-nio-9093"]
2026-07-07 14:48:52.966 INFO  [restartedMain] o.a.catalina.core.StandardService - Starting service [Tomcat]
2026-07-07 14:48:52.967 INFO  [restartedMain] o.a.catalina.core.StandardEngine - Starting Servlet engine: [Apache Tomcat/10.1.30]
2026-07-07 14:48:53.042 INFO  [restartedMain] o.a.c.c.C.[Tomcat].[localhost].[/] - Initializing Spring embedded WebApplicationContext
2026-07-07 14:48:53.043 INFO  [restartedMain] o.s.b.w.s.c.ServletWebServerApplicationContext - Root WebApplicationContext: initialization completed in 3819 ms
2026-07-07 14:48:53.635 INFO  [restartedMain] o.h.jpa.internal.util.LogHelper - HHH000204: Processing PersistenceUnitInfo [name: default]
2026-07-07 14:48:53.809 INFO  [restartedMain] org.hibernate.Version - HHH000412: Hibernate ORM core version 6.5.3.Final
2026-07-07 14:48:53.904 INFO  [restartedMain] o.h.c.i.RegionFactoryInitiator - HHH000026: Second-level cache disabled
2026-07-07 14:48:54.378 INFO  [restartedMain] o.s.o.j.p.SpringPersistenceUnitInfo - No LoadTimeWeaver setup: ignoring JPA class transformer
2026-07-07 14:48:54.428 INFO  [restartedMain] com.zaxxer.hikari.HikariDataSource - HikariPool-1 - Starting...
2026-07-07 14:48:54.994 INFO  [restartedMain] com.zaxxer.hikari.pool.HikariPool - HikariPool-1 - Added connection com.mysql.cj.jdbc.ConnectionImpl@7f0a37b1
2026-07-07 14:48:54.998 INFO  [restartedMain] com.zaxxer.hikari.HikariDataSource - HikariPool-1 - Start completed.
2026-07-07 14:48:56.306 INFO  [restartedMain] o.h.e.t.j.p.i.JtaPlatformInitiator - HHH000489: No JTA platform available (set 'hibernate.transaction.jta.platform' to enable JTA platform integration)
2026-07-07 14:48:56.427 INFO  [restartedMain] o.s.o.j.LocalContainerEntityManagerFactoryBean - Initialized JPA EntityManagerFactory for persistence unit 'default'
2026-07-07 14:48:57.643 WARN  [restartedMain] o.s.b.a.o.j.JpaBaseConfiguration$JpaWebConfiguration - spring.jpa.open-in-view is enabled by default. Therefore, database queries may be performed during view rendering. Explicitly configure spring.jpa.open-in-view to disable this warning
2026-07-07 14:48:58.807 INFO  [restartedMain] o.s.b.d.a.OptionalLiveReloadServer - LiveReload server is running on port 35729
2026-07-07 14:48:58.822 INFO  [restartedMain] o.s.b.a.e.web.EndpointLinksResolver - Exposing 5 endpoints beneath base path '/actuator'
2026-07-07 14:48:58.981 INFO  [restartedMain] o.a.coyote.http11.Http11NioProtocol - Starting ProtocolHandler ["http-nio-9093"]
2026-07-07 14:48:59.007 INFO  [restartedMain] o.s.b.w.e.tomcat.TomcatWebServer - Tomcat started on port 9093 (http) with context path '/'
2026-07-07 14:48:59.021 INFO  [restartedMain] c.m.editorial.EditorialApplication - Started EditorialApplication in 10.81 seconds (process running for 12.331)
2026-07-07 14:48:59.034 INFO  [restartedMain] c.m.editorial.EditorialApplication - EditorialApplication started successfully
2026-07-07 14:49:00.075 INFO  [RMI TCP Connection(2)-127.0.0.1] o.a.c.c.C.[Tomcat].[localhost].[/] - Initializing Spring DispatcherServlet 'dispatcherServlet'
2026-07-07 14:49:00.076 INFO  [RMI TCP Connection(2)-127.0.0.1] o.s.web.servlet.DispatcherServlet - Initializing Servlet 'dispatcherServlet'
2026-07-07 14:49:00.079 INFO  [RMI TCP Connection(2)-127.0.0.1] o.s.web.servlet.DispatcherServlet - Completed initialization in 3 ms
2026-07-07 14:49:37.834 ERROR [http-nio-9093-exec-2] o.a.c.c.C.[.[.[.[dispatcherServlet] - Servlet.service() for servlet [dispatcherServlet] in context with path [] threw exception [Request processing failed: org.springframework.web.reactive.function.client.WebClientRequestException: Connection refused: getsockopt: localhost/127.0.0.1:8084] with root cause
java.net.ConnectException: Connection refused: getsockopt
	at java.base/sun.nio.ch.Net.pollConnect(Native Method)
	at java.base/sun.nio.ch.Net.pollConnectNow(Unknown Source)
	at java.base/sun.nio.ch.SocketChannelImpl.finishConnect(Unknown Source)
	at io.netty.channel.socket.nio.NioSocketChannel.doFinishConnect(NioSocketChannel.java:336)
	at io.netty.channel.nio.AbstractNioChannel$AbstractNioUnsafe.finishConnect(AbstractNioChannel.java:339)
	at io.netty.channel.nio.NioEventLoop.processSelectedKey(NioEventLoop.java:776)
	at io.netty.channel.nio.NioEventLoop.processSelectedKeysOptimized(NioEventLoop.java:724)
	at io.netty.channel.nio.NioEventLoop.processSelectedKeys(NioEventLoop.java:650)
	at io.netty.channel.nio.NioEventLoop.run(NioEventLoop.java:562)
	at io.netty.util.concurrent.SingleThreadEventExecutor$4.run(SingleThreadEventExecutor.java:997)
	at io.netty.util.internal.ThreadExecutorMap$2.run(ThreadExecutorMap.java:74)
	at io.netty.util.concurrent.FastThreadLocalRunnable.run(FastThreadLocalRunnable.java:30)
	at java.base/java.lang.Thread.run(Unknown Source)
2026-07-07 14:50:30.869 INFO  [File Watcher] o.s.b.d.a.LocalDevToolsAutoConfiguration$RestartingClassPathChangeChangedEventListener - Restarting due to 1 class path change (0 additions, 0 deletions, 1 modification)
2026-07-07 14:50:30.887 INFO  [Thread-5] o.a.coyote.http11.Http11NioProtocol - Stopping ProtocolHandler ["http-nio-9093"]
2026-07-07 14:50:31.019 INFO  [Thread-5] o.s.o.j.LocalContainerEntityManagerFactoryBean - Closing JPA EntityManagerFactory for persistence unit 'default'
2026-07-07 14:50:31.023 INFO  [Thread-5] com.zaxxer.hikari.HikariDataSource - HikariPool-1 - Shutdown initiated...
2026-07-07 14:50:31.060 INFO  [Thread-5] com.zaxxer.hikari.HikariDataSource - HikariPool-1 - Shutdown completed.
2026-07-07 14:50:31.139 INFO  [restartedMain] c.m.editorial.EditorialApplication - Starting EditorialApplication
2026-07-07 14:50:31.195 INFO  [restartedMain] c.m.editorial.EditorialApplication - Starting EditorialApplication using Java 21.0.11 with PID 30492 (C:\Users\2506597\Downloads\editorial_updated_\editorial\target\classes started by 2506597 in C:\Users\2506597\Downloads\editorial_updated_\editorial)
2026-07-07 14:50:31.196 DEBUG [restartedMain] c.m.editorial.EditorialApplication - Running with Spring Boot v3.3.4, Spring v6.1.13
2026-07-07 14:50:31.198 INFO  [restartedMain] c.m.editorial.EditorialApplication - No active profile set, falling back to 1 default profile: "default"
2026-07-07 14:50:31.625 INFO  [restartedMain] o.s.d.r.c.RepositoryConfigurationDelegate - Bootstrapping Spring Data JPA repositories in DEFAULT mode.
2026-07-07 14:50:31.652 INFO  [restartedMain] o.s.d.r.c.RepositoryConfigurationDelegate - Finished Spring Data repository scanning in 25 ms. Found 3 JPA repository interfaces.
2026-07-07 14:50:31.841 INFO  [restartedMain] o.s.b.w.e.tomcat.TomcatWebServer - Tomcat initialized with port 9093 (http)
2026-07-07 14:50:31.842 INFO  [restartedMain] o.a.coyote.http11.Http11NioProtocol - Initializing ProtocolHandler ["http-nio-9093"]
2026-07-07 14:50:31.843 INFO  [restartedMain] o.a.catalina.core.StandardService - Starting service [Tomcat]
2026-07-07 14:50:31.844 INFO  [restartedMain] o.a.catalina.core.StandardEngine - Starting Servlet engine: [Apache Tomcat/10.1.30]
2026-07-07 14:50:31.907 INFO  [restartedMain] o.a.c.c.C.[Tomcat].[localhost].[/] - Initializing Spring embedded WebApplicationContext
2026-07-07 14:50:31.908 INFO  [restartedMain] o.s.b.w.s.c.ServletWebServerApplicationContext - Root WebApplicationContext: initialization completed in 707 ms
2026-07-07 14:50:32.038 INFO  [restartedMain] o.h.jpa.internal.util.LogHelper - HHH000204: Processing PersistenceUnitInfo [name: default]
2026-07-07 14:50:32.041 INFO  [restartedMain] o.h.c.i.RegionFactoryInitiator - HHH000026: Second-level cache disabled
2026-07-07 14:50:32.054 INFO  [restartedMain] o.s.o.j.p.SpringPersistenceUnitInfo - No LoadTimeWeaver setup: ignoring JPA class transformer
2026-07-07 14:50:32.055 INFO  [restartedMain] com.zaxxer.hikari.HikariDataSource - HikariPool-2 - Starting...
2026-07-07 14:50:32.083 INFO  [restartedMain] com.zaxxer.hikari.pool.HikariPool - HikariPool-2 - Added connection com.mysql.cj.jdbc.ConnectionImpl@31966f2c
2026-07-07 14:50:32.084 INFO  [restartedMain] com.zaxxer.hikari.HikariDataSource - HikariPool-2 - Start completed.
2026-07-07 14:50:32.156 INFO  [restartedMain] o.h.e.t.j.p.i.JtaPlatformInitiator - HHH000489: No JTA platform available (set 'hibernate.transaction.jta.platform' to enable JTA platform integration)
2026-07-07 14:50:32.184 INFO  [restartedMain] o.s.o.j.LocalContainerEntityManagerFactoryBean - Initialized JPA EntityManagerFactory for persistence unit 'default'
2026-07-07 14:50:32.387 WARN  [restartedMain] o.s.b.a.o.j.JpaBaseConfiguration$JpaWebConfiguration - spring.jpa.open-in-view is enabled by default. Therefore, database queries may be performed during view rendering. Explicitly configure spring.jpa.open-in-view to disable this warning
2026-07-07 14:50:36.771 INFO  [restartedMain] c.m.editorial.EditorialApplication - Starting EditorialApplication using Java 21.0.11 with PID 19984 (C:\Users\2506597\Downloads\editorial_updated_\editorial\target\classes started by 2506597 in C:\Users\2506597\Downloads\editorial_updated_\editorial)
2026-07-07 14:50:36.773 DEBUG [restartedMain] c.m.editorial.EditorialApplication - Running with Spring Boot v3.3.4, Spring v6.1.13
2026-07-07 14:50:36.774 INFO  [restartedMain] c.m.editorial.EditorialApplication - No active profile set, falling back to 1 default profile: "default"
2026-07-07 14:50:36.864 INFO  [restartedMain] o.s.b.d.e.DevToolsPropertyDefaultsPostProcessor - Devtools property defaults active! Set 'spring.devtools.add-properties' to 'false' to disable
2026-07-07 14:50:36.865 INFO  [restartedMain] o.s.b.d.e.DevToolsPropertyDefaultsPostProcessor - For additional web related logging consider setting the 'logging.level.web' property to 'DEBUG'
2026-07-07 14:50:38.393 INFO  [restartedMain] o.s.d.r.c.RepositoryConfigurationDelegate - Bootstrapping Spring Data JPA repositories in DEFAULT mode.
2026-07-07 14:50:38.552 INFO  [restartedMain] o.s.d.r.c.RepositoryConfigurationDelegate - Finished Spring Data repository scanning in 145 ms. Found 3 JPA repository interfaces.
2026-07-07 14:50:39.828 INFO  [restartedMain] o.s.b.w.e.tomcat.TomcatWebServer - Tomcat initialized with port 9093 (http)
2026-07-07 14:50:39.845 INFO  [restartedMain] o.a.coyote.http11.Http11NioProtocol - Initializing ProtocolHandler ["http-nio-9093"]
2026-07-07 14:50:39.851 INFO  [restartedMain] o.a.catalina.core.StandardService - Starting service [Tomcat]
2026-07-07 14:50:39.852 INFO  [restartedMain] o.a.catalina.core.StandardEngine - Starting Servlet engine: [Apache Tomcat/10.1.30]
2026-07-07 14:50:39.951 INFO  [restartedMain] o.a.c.c.C.[Tomcat].[localhost].[/] - Initializing Spring embedded WebApplicationContext
2026-07-07 14:50:39.952 INFO  [restartedMain] o.s.b.w.s.c.ServletWebServerApplicationContext - Root WebApplicationContext: initialization completed in 3085 ms
2026-07-07 14:50:40.586 INFO  [restartedMain] o.h.jpa.internal.util.LogHelper - HHH000204: Processing PersistenceUnitInfo [name: default]
2026-07-07 14:50:40.759 INFO  [restartedMain] org.hibernate.Version - HHH000412: Hibernate ORM core version 6.5.3.Final
2026-07-07 14:50:40.858 INFO  [restartedMain] o.h.c.i.RegionFactoryInitiator - HHH000026: Second-level cache disabled
2026-07-07 14:50:41.352 INFO  [restartedMain] o.s.o.j.p.SpringPersistenceUnitInfo - No LoadTimeWeaver setup: ignoring JPA class transformer
2026-07-07 14:50:41.384 INFO  [restartedMain] com.zaxxer.hikari.HikariDataSource - HikariPool-1 - Starting...
2026-07-07 14:50:41.858 INFO  [restartedMain] com.zaxxer.hikari.pool.HikariPool - HikariPool-1 - Added connection com.mysql.cj.jdbc.ConnectionImpl@64680ef3
2026-07-07 14:50:41.862 INFO  [restartedMain] com.zaxxer.hikari.HikariDataSource - HikariPool-1 - Start completed.
2026-07-07 14:50:43.075 INFO  [restartedMain] o.h.e.t.j.p.i.JtaPlatformInitiator - HHH000489: No JTA platform available (set 'hibernate.transaction.jta.platform' to enable JTA platform integration)
2026-07-07 14:50:43.144 INFO  [restartedMain] o.s.o.j.LocalContainerEntityManagerFactoryBean - Initialized JPA EntityManagerFactory for persistence unit 'default'
2026-07-07 14:50:44.289 WARN  [restartedMain] o.s.b.a.o.j.JpaBaseConfiguration$JpaWebConfiguration - spring.jpa.open-in-view is enabled by default. Therefore, database queries may be performed during view rendering. Explicitly configure spring.jpa.open-in-view to disable this warning
2026-07-07 14:50:45.496 INFO  [restartedMain] o.s.b.d.a.OptionalLiveReloadServer - LiveReload server is running on port 35729
2026-07-07 14:50:45.517 INFO  [restartedMain] o.s.b.a.e.web.EndpointLinksResolver - Exposing 5 endpoints beneath base path '/actuator'
2026-07-07 14:50:45.650 INFO  [restartedMain] o.a.coyote.http11.Http11NioProtocol - Starting ProtocolHandler ["http-nio-9093"]
2026-07-07 14:50:45.688 INFO  [restartedMain] o.s.b.w.e.tomcat.TomcatWebServer - Tomcat started on port 9093 (http) with context path '/'
2026-07-07 14:50:45.705 INFO  [restartedMain] c.m.editorial.EditorialApplication - Started EditorialApplication in 9.581 seconds (process running for 10.613)
2026-07-07 14:50:45.725 INFO  [restartedMain] c.m.editorial.EditorialApplication - EditorialApplication started successfully
2026-07-07 14:50:48.160 INFO  [RMI TCP Connection(2)-127.0.0.1] o.a.c.c.C.[Tomcat].[localhost].[/] - Initializing Spring DispatcherServlet 'dispatcherServlet'
2026-07-07 14:50:48.160 INFO  [RMI TCP Connection(2)-127.0.0.1] o.s.web.servlet.DispatcherServlet - Initializing Servlet 'dispatcherServlet'
2026-07-07 14:50:48.163 INFO  [RMI TCP Connection(2)-127.0.0.1] o.s.web.servlet.DispatcherServlet - Completed initialization in 1 ms
2026-07-07 14:50:56.634 ERROR [http-nio-9093-exec-1] o.a.c.c.C.[.[.[.[dispatcherServlet] - Servlet.service() for servlet [dispatcherServlet] in context with path [] threw exception [Request processing failed: org.springframework.web.reactive.function.client.WebClientRequestException: Connection refused: getsockopt: localhost/127.0.0.1:8085] with root cause
java.net.ConnectException: Connection refused: getsockopt
	at java.base/sun.nio.ch.Net.pollConnect(Native Method)
	at java.base/sun.nio.ch.Net.pollConnectNow(Unknown Source)
	at java.base/sun.nio.ch.SocketChannelImpl.finishConnect(Unknown Source)
	at io.netty.channel.socket.nio.NioSocketChannel.doFinishConnect(NioSocketChannel.java:336)
	at io.netty.channel.nio.AbstractNioChannel$AbstractNioUnsafe.finishConnect(AbstractNioChannel.java:339)
	at io.netty.channel.nio.NioEventLoop.processSelectedKey(NioEventLoop.java:776)
	at io.netty.channel.nio.NioEventLoop.processSelectedKeysOptimized(NioEventLoop.java:724)
	at io.netty.channel.nio.NioEventLoop.processSelectedKeys(NioEventLoop.java:650)
	at io.netty.channel.nio.NioEventLoop.run(NioEventLoop.java:562)
	at io.netty.util.concurrent.SingleThreadEventExecutor$4.run(SingleThreadEventExecutor.java:997)
	at io.netty.util.internal.ThreadExecutorMap$2.run(ThreadExecutorMap.java:74)
	at io.netty.util.concurrent.FastThreadLocalRunnable.run(FastThreadLocalRunnable.java:30)
	at java.base/java.lang.Thread.run(Unknown Source)
2026-07-07 14:55:02.035 INFO  [File Watcher] o.s.b.d.a.LocalDevToolsAutoConfiguration$RestartingClassPathChangeChangedEventListener - Restarting due to 1 class path change (0 additions, 0 deletions, 1 modification)
2026-07-07 14:55:02.050 INFO  [Thread-5] o.a.coyote.http11.Http11NioProtocol - Stopping ProtocolHandler ["http-nio-9093"]
2026-07-07 14:55:02.098 INFO  [Thread-5] o.s.o.j.LocalContainerEntityManagerFactoryBean - Closing JPA EntityManagerFactory for persistence unit 'default'
2026-07-07 14:55:02.103 INFO  [Thread-5] com.zaxxer.hikari.HikariDataSource - HikariPool-1 - Shutdown initiated...
2026-07-07 14:55:02.128 INFO  [Thread-5] com.zaxxer.hikari.HikariDataSource - HikariPool-1 - Shutdown completed.
2026-07-07 14:55:02.206 INFO  [restartedMain] c.m.editorial.EditorialApplication - Starting EditorialApplication
2026-07-07 14:55:02.293 INFO  [restartedMain] c.m.editorial.EditorialApplication - Starting EditorialApplication using Java 21.0.11 with PID 19984 (C:\Users\2506597\Downloads\editorial_updated_\editorial\target\classes started by 2506597 in C:\Users\2506597\Downloads\editorial_updated_\editorial)
2026-07-07 14:55:02.295 DEBUG [restartedMain] c.m.editorial.EditorialApplication - Running with Spring Boot v3.3.4, Spring v6.1.13
2026-07-07 14:55:02.302 INFO  [restartedMain] c.m.editorial.EditorialApplication - No active profile set, falling back to 1 default profile: "default"
2026-07-07 14:55:03.379 INFO  [restartedMain] o.s.d.r.c.RepositoryConfigurationDelegate - Bootstrapping Spring Data JPA repositories in DEFAULT mode.
2026-07-07 14:55:03.422 INFO  [restartedMain] o.s.d.r.c.RepositoryConfigurationDelegate - Finished Spring Data repository scanning in 43 ms. Found 3 JPA repository interfaces.
2026-07-07 14:55:03.767 INFO  [restartedMain] o.s.b.w.e.tomcat.TomcatWebServer - Tomcat initialized with port 9093 (http)
2026-07-07 14:55:03.768 INFO  [restartedMain] o.a.coyote.http11.Http11NioProtocol - Initializing ProtocolHandler ["http-nio-9093"]
2026-07-07 14:55:03.769 INFO  [restartedMain] o.a.catalina.core.StandardService - Starting service [Tomcat]
2026-07-07 14:55:03.770 INFO  [restartedMain] o.a.catalina.core.StandardEngine - Starting Servlet engine: [Apache Tomcat/10.1.30]
2026-07-07 14:55:03.835 INFO  [restartedMain] o.a.c.c.C.[Tomcat].[localhost].[/] - Initializing Spring embedded WebApplicationContext
2026-07-07 14:55:03.835 INFO  [restartedMain] o.s.b.w.s.c.ServletWebServerApplicationContext - Root WebApplicationContext: initialization completed in 1529 ms
2026-07-07 14:55:04.058 INFO  [restartedMain] o.h.jpa.internal.util.LogHelper - HHH000204: Processing PersistenceUnitInfo [name: default]
2026-07-07 14:55:04.065 INFO  [restartedMain] o.h.c.i.RegionFactoryInitiator - HHH000026: Second-level cache disabled
2026-07-07 14:55:04.094 INFO  [restartedMain] o.s.o.j.p.SpringPersistenceUnitInfo - No LoadTimeWeaver setup: ignoring JPA class transformer
2026-07-07 14:55:04.096 INFO  [restartedMain] com.zaxxer.hikari.HikariDataSource - HikariPool-2 - Starting...
2026-07-07 14:55:04.129 INFO  [restartedMain] com.zaxxer.hikari.pool.HikariPool - HikariPool-2 - Added connection com.mysql.cj.jdbc.ConnectionImpl@1d645bfc
2026-07-07 14:55:04.131 INFO  [restartedMain] com.zaxxer.hikari.HikariDataSource - HikariPool-2 - Start completed.
2026-07-07 14:55:04.303 INFO  [restartedMain] o.h.e.t.j.p.i.JtaPlatformInitiator - HHH000489: No JTA platform available (set 'hibernate.transaction.jta.platform' to enable JTA platform integration)
2026-07-07 14:55:04.345 INFO  [restartedMain] o.s.o.j.LocalContainerEntityManagerFactoryBean - Initialized JPA EntityManagerFactory for persistence unit 'default'
2026-07-07 14:55:04.770 WARN  [restartedMain] o.s.b.a.o.j.JpaBaseConfiguration$JpaWebConfiguration - spring.jpa.open-in-view is enabled by default. Therefore, database queries may be performed during view rendering. Explicitly configure spring.jpa.open-in-view to disable this warning
2026-07-07 14:55:05.667 INFO  [restartedMain] o.s.b.d.a.OptionalLiveReloadServer - LiveReload server is running on port 35729
2026-07-07 14:55:05.681 INFO  [restartedMain] o.s.b.a.e.web.EndpointLinksResolver - Exposing 5 endpoints beneath base path '/actuator'
2026-07-07 14:55:05.777 INFO  [restartedMain] o.a.coyote.http11.Http11NioProtocol - Starting ProtocolHandler ["http-nio-9093"]
2026-07-07 14:55:05.787 INFO  [restartedMain] o.s.b.w.e.tomcat.TomcatWebServer - Tomcat started on port 9093 (http) with context path '/'
2026-07-07 14:55:05.804 INFO  [restartedMain] c.m.editorial.EditorialApplication - Started EditorialApplication in 3.585 seconds (process running for 270.711)
2026-07-07 14:55:05.809 INFO  [restartedMain] o.s.b.d.a.ConditionEvaluationDeltaLoggingListener - Condition evaluation unchanged
2026-07-07 14:55:05.810 INFO  [restartedMain] c.m.editorial.EditorialApplication - EditorialApplication started successfully
2026-07-07 15:00:51.672 INFO  [http-nio-9093-exec-2] o.a.c.c.C.[Tomcat].[localhost].[/] - Initializing Spring DispatcherServlet 'dispatcherServlet'
2026-07-07 15:00:51.685 INFO  [http-nio-9093-exec-2] o.s.web.servlet.DispatcherServlet - Initializing Servlet 'dispatcherServlet'
2026-07-07 15:00:51.733 INFO  [http-nio-9093-exec-2] o.s.web.servlet.DispatcherServlet - Completed initialization in 46 ms
2026-07-07 15:03:12.457 INFO  [File Watcher] o.s.b.d.a.LocalDevToolsAutoConfiguration$RestartingClassPathChangeChangedEventListener - Restarting due to 1 class path change (0 additions, 0 deletions, 1 modification)
2026-07-07 15:03:12.472 INFO  [Thread-19] o.a.coyote.http11.Http11NioProtocol - Stopping ProtocolHandler ["http-nio-9093"]
2026-07-07 15:03:12.519 INFO  [Thread-19] o.s.o.j.LocalContainerEntityManagerFactoryBean - Closing JPA EntityManagerFactory for persistence unit 'default'
2026-07-07 15:03:12.536 INFO  [Thread-19] com.zaxxer.hikari.HikariDataSource - HikariPool-2 - Shutdown initiated...
2026-07-07 15:03:12.576 INFO  [Thread-19] com.zaxxer.hikari.HikariDataSource - HikariPool-2 - Shutdown completed.
2026-07-07 15:03:12.890 INFO  [restartedMain] c.m.editorial.EditorialApplication - Starting EditorialApplication
2026-07-07 15:03:12.972 INFO  [restartedMain] c.m.editorial.EditorialApplication - Starting EditorialApplication using Java 21.0.11 with PID 19984 (C:\Users\2506597\Downloads\editorial_updated_\editorial\target\classes started by 2506597 in C:\Users\2506597\Downloads\editorial_updated_\editorial)
2026-07-07 15:03:12.973 DEBUG [restartedMain] c.m.editorial.EditorialApplication - Running with Spring Boot v3.3.4, Spring v6.1.13
2026-07-07 15:03:12.973 INFO  [restartedMain] c.m.editorial.EditorialApplication - No active profile set, falling back to 1 default profile: "default"
2026-07-07 15:03:13.547 INFO  [restartedMain] o.s.d.r.c.RepositoryConfigurationDelegate - Bootstrapping Spring Data JPA repositories in DEFAULT mode.
2026-07-07 15:03:13.572 INFO  [restartedMain] o.s.d.r.c.RepositoryConfigurationDelegate - Finished Spring Data repository scanning in 24 ms. Found 3 JPA repository interfaces.
2026-07-07 15:03:13.839 INFO  [restartedMain] o.s.b.w.e.tomcat.TomcatWebServer - Tomcat initialized with port 9093 (http)
2026-07-07 15:03:13.840 INFO  [restartedMain] o.a.coyote.http11.Http11NioProtocol - Initializing ProtocolHandler ["http-nio-9093"]
2026-07-07 15:03:13.841 INFO  [restartedMain] o.a.catalina.core.StandardService - Starting service [Tomcat]
2026-07-07 15:03:13.842 INFO  [restartedMain] o.a.catalina.core.StandardEngine - Starting Servlet engine: [Apache Tomcat/10.1.30]
2026-07-07 15:03:13.891 INFO  [restartedMain] o.a.c.c.C.[Tomcat].[localhost].[/] - Initializing Spring embedded WebApplicationContext
2026-07-07 15:03:13.892 INFO  [restartedMain] o.s.b.w.s.c.ServletWebServerApplicationContext - Root WebApplicationContext: initialization completed in 913 ms
2026-07-07 15:03:14.009 INFO  [restartedMain] o.h.jpa.internal.util.LogHelper - HHH000204: Processing PersistenceUnitInfo [name: default]
2026-07-07 15:03:14.012 INFO  [restartedMain] o.h.c.i.RegionFactoryInitiator - HHH000026: Second-level cache disabled
2026-07-07 15:03:14.020 INFO  [restartedMain] o.s.o.j.p.SpringPersistenceUnitInfo - No LoadTimeWeaver setup: ignoring JPA class transformer
2026-07-07 15:03:14.022 INFO  [restartedMain] com.zaxxer.hikari.HikariDataSource - HikariPool-3 - Starting...
2026-07-07 15:03:14.061 INFO  [restartedMain] com.zaxxer.hikari.pool.HikariPool - HikariPool-3 - Added connection com.mysql.cj.jdbc.ConnectionImpl@94a3d67
2026-07-07 15:03:14.062 INFO  [restartedMain] com.zaxxer.hikari.HikariDataSource - HikariPool-3 - Start completed.
2026-07-07 15:03:14.142 INFO  [restartedMain] o.h.e.t.j.p.i.JtaPlatformInitiator - HHH000489: No JTA platform available (set 'hibernate.transaction.jta.platform' to enable JTA platform integration)
2026-07-07 15:03:14.181 INFO  [restartedMain] o.s.o.j.LocalContainerEntityManagerFactoryBean - Initialized JPA EntityManagerFactory for persistence unit 'default'
2026-07-07 15:03:14.373 WARN  [restartedMain] o.s.b.a.o.j.JpaBaseConfiguration$JpaWebConfiguration - spring.jpa.open-in-view is enabled by default. Therefore, database queries may be performed during view rendering. Explicitly configure spring.jpa.open-in-view to disable this warning
2026-07-07 15:03:14.682 INFO  [restartedMain] o.s.b.d.a.OptionalLiveReloadServer - LiveReload server is running on port 35729
2026-07-07 15:03:14.688 INFO  [restartedMain] o.s.b.a.e.web.EndpointLinksResolver - Exposing 5 endpoints beneath base path '/actuator'
2026-07-07 15:03:14.724 INFO  [restartedMain] o.a.coyote.http11.Http11NioProtocol - Starting ProtocolHandler ["http-nio-9093"]
2026-07-07 15:03:14.730 INFO  [restartedMain] o.s.b.w.e.tomcat.TomcatWebServer - Tomcat started on port 9093 (http) with context path '/'
2026-07-07 15:03:14.738 INFO  [restartedMain] c.m.editorial.EditorialApplication - Started EditorialApplication in 1.836 seconds (process running for 759.645)
2026-07-07 15:03:14.741 INFO  [restartedMain] o.s.b.d.a.ConditionEvaluationDeltaLoggingListener - Condition evaluation unchanged
2026-07-07 15:03:14.742 INFO  [restartedMain] c.m.editorial.EditorialApplication - EditorialApplication started successfully
2026-07-07 15:03:16.550 INFO  [File Watcher] o.s.b.d.a.LocalDevToolsAutoConfiguration$RestartingClassPathChangeChangedEventListener - Restarting due to 1 class path change (0 additions, 0 deletions, 1 modification)
2026-07-07 15:03:16.556 INFO  [Thread-35] o.a.coyote.http11.Http11NioProtocol - Stopping ProtocolHandler ["http-nio-9093"]
2026-07-07 15:03:16.589 INFO  [Thread-35] o.s.o.j.LocalContainerEntityManagerFactoryBean - Closing JPA EntityManagerFactory for persistence unit 'default'
2026-07-07 15:03:16.592 INFO  [Thread-35] com.zaxxer.hikari.HikariDataSource - HikariPool-3 - Shutdown initiated...
2026-07-07 15:03:16.614 INFO  [Thread-35] com.zaxxer.hikari.HikariDataSource - HikariPool-3 - Shutdown completed.
2026-07-07 15:03:16.744 INFO  [restartedMain] c.m.editorial.EditorialApplication - Starting EditorialApplication
2026-07-07 15:03:16.810 INFO  [restartedMain] c.m.editorial.EditorialApplication - Starting EditorialApplication using Java 21.0.11 with PID 19984 (C:\Users\2506597\Downloads\editorial_updated_\editorial\target\classes started by 2506597 in C:\Users\2506597\Downloads\editorial_updated_\editorial)
2026-07-07 15:03:16.810 DEBUG [restartedMain] c.m.editorial.EditorialApplication - Running with Spring Boot v3.3.4, Spring v6.1.13
2026-07-07 15:03:16.811 INFO  [restartedMain] c.m.editorial.EditorialApplication - No active profile set, falling back to 1 default profile: "default"
2026-07-07 15:03:17.313 INFO  [restartedMain] o.s.d.r.c.RepositoryConfigurationDelegate - Bootstrapping Spring Data JPA repositories in DEFAULT mode.
2026-07-07 15:03:17.340 INFO  [restartedMain] o.s.d.r.c.RepositoryConfigurationDelegate - Finished Spring Data repository scanning in 24 ms. Found 3 JPA repository interfaces.
2026-07-07 15:03:17.550 INFO  [restartedMain] o.s.b.w.e.tomcat.TomcatWebServer - Tomcat initialized with port 9093 (http)
2026-07-07 15:03:17.551 INFO  [restartedMain] o.a.coyote.http11.Http11NioProtocol - Initializing ProtocolHandler ["http-nio-9093"]
2026-07-07 15:03:17.552 INFO  [restartedMain] o.a.catalina.core.StandardService - Starting service [Tomcat]
2026-07-07 15:03:17.552 INFO  [restartedMain] o.a.catalina.core.StandardEngine - Starting Servlet engine: [Apache Tomcat/10.1.30]
2026-07-07 15:03:17.580 INFO  [restartedMain] o.a.c.c.C.[Tomcat].[localhost].[/] - Initializing Spring embedded WebApplicationContext
2026-07-07 15:03:17.581 INFO  [restartedMain] o.s.b.w.s.c.ServletWebServerApplicationContext - Root WebApplicationContext: initialization completed in 768 ms
2026-07-07 15:03:17.676 INFO  [restartedMain] o.h.jpa.internal.util.LogHelper - HHH000204: Processing PersistenceUnitInfo [name: default]
2026-07-07 15:03:17.677 INFO  [restartedMain] o.h.c.i.RegionFactoryInitiator - HHH000026: Second-level cache disabled
2026-07-07 15:03:17.686 INFO  [restartedMain] o.s.o.j.p.SpringPersistenceUnitInfo - No LoadTimeWeaver setup: ignoring JPA class transformer
2026-07-07 15:03:17.688 INFO  [restartedMain] com.zaxxer.hikari.HikariDataSource - HikariPool-4 - Starting...
2026-07-07 15:03:17.701 INFO  [restartedMain] com.zaxxer.hikari.pool.HikariPool - HikariPool-4 - Added connection com.mysql.cj.jdbc.ConnectionImpl@6b4f4786
2026-07-07 15:03:17.702 INFO  [restartedMain] com.zaxxer.hikari.HikariDataSource - HikariPool-4 - Start completed.
2026-07-07 15:03:17.760 INFO  [restartedMain] o.h.e.t.j.p.i.JtaPlatformInitiator - HHH000489: No JTA platform available (set 'hibernate.transaction.jta.platform' to enable JTA platform integration)
2026-07-07 15:03:17.778 INFO  [restartedMain] o.s.o.j.LocalContainerEntityManagerFactoryBean - Initialized JPA EntityManagerFactory for persistence unit 'default'
2026-07-07 15:03:17.988 WARN  [restartedMain] o.s.b.a.o.j.JpaBaseConfiguration$JpaWebConfiguration - spring.jpa.open-in-view is enabled by default. Therefore, database queries may be performed during view rendering. Explicitly configure spring.jpa.open-in-view to disable this warning
2026-07-07 15:03:18.336 INFO  [restartedMain] o.s.b.d.a.OptionalLiveReloadServer - LiveReload server is running on port 35729
2026-07-07 15:03:18.343 INFO  [restartedMain] o.s.b.a.e.web.EndpointLinksResolver - Exposing 5 endpoints beneath base path '/actuator'
2026-07-07 15:03:18.367 INFO  [restartedMain] o.a.coyote.http11.Http11NioProtocol - Starting ProtocolHandler ["http-nio-9093"]
2026-07-07 15:03:18.373 INFO  [restartedMain] o.s.b.w.e.tomcat.TomcatWebServer - Tomcat started on port 9093 (http) with context path '/'
2026-07-07 15:03:18.379 INFO  [restartedMain] c.m.editorial.EditorialApplication - Started EditorialApplication in 1.62 seconds (process running for 763.286)
2026-07-07 15:03:18.382 INFO  [restartedMain] o.s.b.d.a.ConditionEvaluationDeltaLoggingListener - Condition evaluation unchanged
2026-07-07 15:03:18.382 INFO  [restartedMain] c.m.editorial.EditorialApplication - EditorialApplication started successfully
2026-07-13 11:42:19.677 INFO  [main] c.m.e.c.ContentCollectionControllerTest - Starting ContentCollectionControllerTest using Java 21.0.2 with PID 19812 (started by 2506595 in C:\MediaHub-Integrated\editorial)
2026-07-13 11:42:19.682 DEBUG [main] c.m.e.c.ContentCollectionControllerTest - Running with Spring Boot v3.3.4, Spring v6.1.13
2026-07-13 11:42:19.682 INFO  [main] c.m.e.c.ContentCollectionControllerTest - No active profile set, falling back to 1 default profile: "default"
2026-07-13 11:42:25.146 INFO  [main] o.s.b.t.m.w.SpringBootMockServletContext - Initializing Spring TestDispatcherServlet ''
2026-07-13 11:42:25.146 INFO  [main] o.s.t.w.s.TestDispatcherServlet - Initializing Servlet ''
2026-07-13 11:42:25.156 INFO  [main] o.s.t.w.s.TestDispatcherServlet - Completed initialization in 10 ms
2026-07-13 11:42:25.425 INFO  [main] c.m.e.c.ContentCollectionControllerTest - Started ContentCollectionControllerTest in 6.763 seconds (process running for 8.693)
2026-07-13 11:42:26.589 INFO  [main] o.s.t.c.s.AnnotationConfigContextLoaderUtils - Could not detect default configuration classes for test class [com.mediahub.editorial.controller.EditorialReviewControllerTest]: EditorialReviewControllerTest does not declare any static, non-private, non-final, nested classes annotated with @Configuration.
2026-07-13 11:42:26.609 INFO  [main] o.s.b.t.c.SpringBootTestContextBootstrapper - Found @SpringBootConfiguration com.mediahub.editorial.EditorialApplication for test class com.mediahub.editorial.controller.EditorialReviewControllerTest
2026-07-13 11:42:26.616 INFO  [main] o.s.b.d.r.RestartApplicationListener - Restart disabled due to context in which it is running
2026-07-13 11:42:26.689 INFO  [main] c.m.e.c.EditorialReviewControllerTest - Starting EditorialReviewControllerTest using Java 21.0.2 with PID 19812 (started by 2506595 in C:\MediaHub-Integrated\editorial)
2026-07-13 11:42:26.689 DEBUG [main] c.m.e.c.EditorialReviewControllerTest - Running with Spring Boot v3.3.4, Spring v6.1.13
2026-07-13 11:42:26.689 INFO  [main] c.m.e.c.EditorialReviewControllerTest - No active profile set, falling back to 1 default profile: "default"
2026-07-13 11:42:27.272 INFO  [main] o.s.b.t.m.w.SpringBootMockServletContext - Initializing Spring TestDispatcherServlet ''
2026-07-13 11:42:27.274 INFO  [main] o.s.t.w.s.TestDispatcherServlet - Initializing Servlet ''
2026-07-13 11:42:27.274 INFO  [main] o.s.t.w.s.TestDispatcherServlet - Completed initialization in 0 ms
2026-07-13 11:42:27.284 INFO  [main] c.m.e.c.EditorialReviewControllerTest - Started EditorialReviewControllerTest in 0.67 seconds (process running for 10.552)
2026-07-13 11:42:27.434 INFO  [main] o.s.t.c.s.AnnotationConfigContextLoaderUtils - Could not detect default configuration classes for test class [com.mediahub.editorial.controller.PublicationScheduleControllerTest]: PublicationScheduleControllerTest does not declare any static, non-private, non-final, nested classes annotated with @Configuration.
2026-07-13 11:42:27.456 INFO  [main] o.s.b.t.c.SpringBootTestContextBootstrapper - Found @SpringBootConfiguration com.mediahub.editorial.EditorialApplication for test class com.mediahub.editorial.controller.PublicationScheduleControllerTest
2026-07-13 11:42:27.458 INFO  [main] o.s.b.d.r.RestartApplicationListener - Restart disabled due to context in which it is running
2026-07-13 11:42:27.512 INFO  [main] c.m.e.c.PublicationScheduleControllerTest - Starting PublicationScheduleControllerTest using Java 21.0.2 with PID 19812 (started by 2506595 in C:\MediaHub-Integrated\editorial)
2026-07-13 11:42:27.512 DEBUG [main] c.m.e.c.PublicationScheduleControllerTest - Running with Spring Boot v3.3.4, Spring v6.1.13
2026-07-13 11:42:27.512 INFO  [main] c.m.e.c.PublicationScheduleControllerTest - No active profile set, falling back to 1 default profile: "default"
2026-07-13 11:42:27.843 INFO  [main] o.s.b.t.m.w.SpringBootMockServletContext - Initializing Spring TestDispatcherServlet ''
2026-07-13 11:42:27.843 INFO  [main] o.s.t.w.s.TestDispatcherServlet - Initializing Servlet ''
2026-07-13 11:42:27.843 INFO  [main] o.s.t.w.s.TestDispatcherServlet - Completed initialization in 0 ms
2026-07-13 11:42:27.843 INFO  [main] c.m.e.c.PublicationScheduleControllerTest - Started PublicationScheduleControllerTest in 0.385 seconds (process running for 11.12)
2026-07-13 11:42:37.564 INFO  [restartedMain] c.m.editorial.EditorialApplication - Starting EditorialApplication using Java 21.0.2 with PID 10540 (C:\MediaHub-Integrated\editorial\target\classes started by 2506595 in C:\MediaHub-Integrated\editorial)
2026-07-13 11:42:37.564 DEBUG [restartedMain] c.m.editorial.EditorialApplication - Running with Spring Boot v3.3.4, Spring v6.1.13
2026-07-13 11:42:37.564 INFO  [restartedMain] c.m.editorial.EditorialApplication - No active profile set, falling back to 1 default profile: "default"
2026-07-13 11:42:37.690 INFO  [restartedMain] o.s.b.d.e.DevToolsPropertyDefaultsPostProcessor - Devtools property defaults active! Set 'spring.devtools.add-properties' to 'false' to disable
2026-07-13 11:42:37.690 INFO  [restartedMain] o.s.b.d.e.DevToolsPropertyDefaultsPostProcessor - For additional web related logging consider setting the 'logging.level.web' property to 'DEBUG'
2026-07-13 11:42:39.294 INFO  [restartedMain] o.s.d.r.c.RepositoryConfigurationDelegate - Bootstrapping Spring Data JPA repositories in DEFAULT mode.
2026-07-13 11:42:39.537 INFO  [restartedMain] o.s.d.r.c.RepositoryConfigurationDelegate - Finished Spring Data repository scanning in 231 ms. Found 3 JPA repository interfaces.
2026-07-13 11:42:40.646 INFO  [restartedMain] o.s.b.w.e.tomcat.TomcatWebServer - Tomcat initialized with port 9093 (http)
2026-07-13 11:42:40.670 INFO  [restartedMain] o.a.coyote.http11.Http11NioProtocol - Initializing ProtocolHandler ["http-nio-9093"]
2026-07-13 11:42:40.672 INFO  [restartedMain] o.a.catalina.core.StandardService - Starting service [Tomcat]
2026-07-13 11:42:40.672 INFO  [restartedMain] o.a.catalina.core.StandardEngine - Starting Servlet engine: [Apache Tomcat/10.1.30]
2026-07-13 11:42:40.808 INFO  [restartedMain] o.a.c.c.C.[Tomcat].[localhost].[/] - Initializing Spring embedded WebApplicationContext
2026-07-13 11:42:40.808 INFO  [restartedMain] o.s.b.w.s.c.ServletWebServerApplicationContext - Root WebApplicationContext: initialization completed in 3118 ms
2026-07-13 11:42:41.333 INFO  [restartedMain] o.h.jpa.internal.util.LogHelper - HHH000204: Processing PersistenceUnitInfo [name: default]
2026-07-13 11:42:41.439 INFO  [restartedMain] org.hibernate.Version - HHH000412: Hibernate ORM core version 6.5.3.Final
2026-07-13 11:42:41.497 INFO  [restartedMain] o.h.c.i.RegionFactoryInitiator - HHH000026: Second-level cache disabled
2026-07-13 11:42:42.128 INFO  [restartedMain] o.s.o.j.p.SpringPersistenceUnitInfo - No LoadTimeWeaver setup: ignoring JPA class transformer
2026-07-13 11:42:42.195 INFO  [restartedMain] com.zaxxer.hikari.HikariDataSource - HikariPool-1 - Starting...
2026-07-13 11:42:42.711 INFO  [restartedMain] com.zaxxer.hikari.pool.HikariPool - HikariPool-1 - Added connection com.mysql.cj.jdbc.ConnectionImpl@1116815e
2026-07-13 11:42:42.727 INFO  [restartedMain] com.zaxxer.hikari.HikariDataSource - HikariPool-1 - Start completed.
2026-07-13 11:42:44.549 INFO  [restartedMain] o.h.e.t.j.p.i.JtaPlatformInitiator - HHH000489: No JTA platform available (set 'hibernate.transaction.jta.platform' to enable JTA platform integration)
2026-07-13 11:42:44.815 INFO  [restartedMain] o.s.o.j.LocalContainerEntityManagerFactoryBean - Initialized JPA EntityManagerFactory for persistence unit 'default'
2026-07-13 11:42:45.921 WARN  [restartedMain] o.s.b.a.o.j.JpaBaseConfiguration$JpaWebConfiguration - spring.jpa.open-in-view is enabled by default. Therefore, database queries may be performed during view rendering. Explicitly configure spring.jpa.open-in-view to disable this warning
2026-07-13 11:42:47.061 INFO  [restartedMain] o.s.b.d.a.OptionalLiveReloadServer - LiveReload server is running on port 35729
2026-07-13 11:42:47.099 INFO  [restartedMain] o.s.b.a.e.web.EndpointLinksResolver - Exposing 5 endpoints beneath base path '/actuator'
2026-07-13 11:42:47.219 INFO  [restartedMain] o.a.coyote.http11.Http11NioProtocol - Starting ProtocolHandler ["http-nio-9093"]
2026-07-13 11:42:47.260 INFO  [restartedMain] o.s.b.w.e.tomcat.TomcatWebServer - Tomcat started on port 9093 (http) with context path '/'
2026-07-13 11:42:47.276 INFO  [restartedMain] c.m.editorial.EditorialApplication - Started EditorialApplication in 10.47 seconds (process running for 11.171)
2026-07-13 11:42:47.415 INFO  [restartedMain] c.m.editorial.EditorialApplication - EditorialApplication started successfully
2026-07-13 11:44:27.877 INFO  [restartedMain] c.m.editorial.EditorialApplication - Starting EditorialApplication using Java 21.0.2 with PID 2804 (C:\MediaHub-Integrated\editorial\target\classes started by 2506595 in C:\MediaHub-Integrated\editorial)
2026-07-13 11:44:27.879 DEBUG [restartedMain] c.m.editorial.EditorialApplication - Running with Spring Boot v3.3.4, Spring v6.1.13
2026-07-13 11:44:27.879 INFO  [restartedMain] c.m.editorial.EditorialApplication - No active profile set, falling back to 1 default profile: "default"
2026-07-13 11:44:27.981 INFO  [restartedMain] o.s.b.d.e.DevToolsPropertyDefaultsPostProcessor - Devtools property defaults active! Set 'spring.devtools.add-properties' to 'false' to disable
2026-07-13 11:44:27.981 INFO  [restartedMain] o.s.b.d.e.DevToolsPropertyDefaultsPostProcessor - For additional web related logging consider setting the 'logging.level.web' property to 'DEBUG'
2026-07-13 11:44:29.922 INFO  [restartedMain] o.s.d.r.c.RepositoryConfigurationDelegate - Bootstrapping Spring Data JPA repositories in DEFAULT mode.
2026-07-13 11:44:30.299 INFO  [restartedMain] o.s.d.r.c.RepositoryConfigurationDelegate - Finished Spring Data repository scanning in 352 ms. Found 3 JPA repository interfaces.
2026-07-13 11:44:31.652 INFO  [restartedMain] o.s.b.w.e.tomcat.TomcatWebServer - Tomcat initialized with port 9093 (http)
2026-07-13 11:44:31.685 INFO  [restartedMain] o.a.coyote.http11.Http11NioProtocol - Initializing ProtocolHandler ["http-nio-9093"]
2026-07-13 11:44:31.690 INFO  [restartedMain] o.a.catalina.core.StandardService - Starting service [Tomcat]
2026-07-13 11:44:31.690 INFO  [restartedMain] o.a.catalina.core.StandardEngine - Starting Servlet engine: [Apache Tomcat/10.1.30]
2026-07-13 11:44:31.805 INFO  [restartedMain] o.a.c.c.C.[Tomcat].[localhost].[/] - Initializing Spring embedded WebApplicationContext
2026-07-13 11:44:31.805 INFO  [restartedMain] o.s.b.w.s.c.ServletWebServerApplicationContext - Root WebApplicationContext: initialization completed in 3824 ms
2026-07-13 11:44:32.476 INFO  [restartedMain] o.h.jpa.internal.util.LogHelper - HHH000204: Processing PersistenceUnitInfo [name: default]
2026-07-13 11:44:32.552 INFO  [restartedMain] org.hibernate.Version - HHH000412: Hibernate ORM core version 6.5.3.Final
2026-07-13 11:44:32.611 INFO  [restartedMain] o.h.c.i.RegionFactoryInitiator - HHH000026: Second-level cache disabled
2026-07-13 11:44:33.058 INFO  [restartedMain] o.s.o.j.p.SpringPersistenceUnitInfo - No LoadTimeWeaver setup: ignoring JPA class transformer
2026-07-13 11:44:33.111 INFO  [restartedMain] com.zaxxer.hikari.HikariDataSource - HikariPool-1 - Starting...
2026-07-13 11:44:33.745 INFO  [restartedMain] com.zaxxer.hikari.pool.HikariPool - HikariPool-1 - Added connection com.mysql.cj.jdbc.ConnectionImpl@116f8a3
2026-07-13 11:44:33.745 INFO  [restartedMain] com.zaxxer.hikari.HikariDataSource - HikariPool-1 - Start completed.
2026-07-13 11:44:35.250 INFO  [restartedMain] o.h.e.t.j.p.i.JtaPlatformInitiator - HHH000489: No JTA platform available (set 'hibernate.transaction.jta.platform' to enable JTA platform integration)
2026-07-13 11:44:35.360 INFO  [restartedMain] o.s.o.j.LocalContainerEntityManagerFactoryBean - Initialized JPA EntityManagerFactory for persistence unit 'default'
2026-07-13 11:44:36.200 WARN  [restartedMain] o.s.b.a.o.j.JpaBaseConfiguration$JpaWebConfiguration - spring.jpa.open-in-view is enabled by default. Therefore, database queries may be performed during view rendering. Explicitly configure spring.jpa.open-in-view to disable this warning
2026-07-13 11:44:37.249 WARN  [restartedMain] o.s.b.d.a.OptionalLiveReloadServer - Unable to start LiveReload server
2026-07-13 11:44:37.273 INFO  [restartedMain] o.s.b.a.e.web.EndpointLinksResolver - Exposing 5 endpoints beneath base path '/actuator'
2026-07-13 11:44:37.366 INFO  [restartedMain] o.a.coyote.http11.Http11NioProtocol - Starting ProtocolHandler ["http-nio-9093"]
2026-07-13 11:44:37.391 WARN  [restartedMain] o.s.b.w.s.c.AnnotationConfigServletWebServerApplicationContext - Exception encountered during context initialization - cancelling refresh attempt: org.springframework.context.ApplicationContextException: Failed to start bean 'webServerStartStop'
2026-07-13 11:44:37.393 INFO  [restartedMain] o.s.o.j.LocalContainerEntityManagerFactoryBean - Closing JPA EntityManagerFactory for persistence unit 'default'
2026-07-13 11:44:37.403 INFO  [restartedMain] com.zaxxer.hikari.HikariDataSource - HikariPool-1 - Shutdown initiated...
2026-07-13 11:44:37.436 INFO  [restartedMain] com.zaxxer.hikari.HikariDataSource - HikariPool-1 - Shutdown completed.
2026-07-13 11:44:37.471 INFO  [restartedMain] o.s.b.a.l.ConditionEvaluationReportLogger - 

Error starting ApplicationContext. To display the condition evaluation report re-run your application with 'debug' enabled.
2026-07-13 11:44:37.545 ERROR [restartedMain] o.s.b.d.LoggingFailureAnalysisReporter - 

***************************
APPLICATION FAILED TO START
***************************

Description:

Web server failed to start. Port 9093 was already in use.

Action:

Identify and stop the process that's listening on port 9093 or configure this application to listen on another port.

2026-07-13 11:45:32.408 INFO  [File Watcher] o.s.b.d.a.LocalDevToolsAutoConfiguration$RestartingClassPathChangeChangedEventListener - Restarting due to 1 class path change (0 additions, 0 deletions, 1 modification)
2026-07-13 11:45:32.424 INFO  [Thread-5] o.a.coyote.http11.Http11NioProtocol - Stopping ProtocolHandler ["http-nio-9093"]
2026-07-13 11:45:32.625 INFO  [Thread-5] o.s.o.j.LocalContainerEntityManagerFactoryBean - Closing JPA EntityManagerFactory for persistence unit 'default'
2026-07-13 11:45:32.632 INFO  [Thread-5] com.zaxxer.hikari.HikariDataSource - HikariPool-1 - Shutdown initiated...
2026-07-13 11:45:32.686 INFO  [Thread-5] com.zaxxer.hikari.HikariDataSource - HikariPool-1 - Shutdown completed.
2026-07-13 11:45:32.970 INFO  [restartedMain] c.m.editorial.EditorialApplication - Starting EditorialApplication
2026-07-13 11:45:33.397 INFO  [restartedMain] c.m.editorial.EditorialApplication - Starting EditorialApplication using Java 21.0.2 with PID 10540 (C:\MediaHub-Integrated\editorial\target\classes started by 2506595 in C:\MediaHub-Integrated\editorial)
2026-07-13 11:45:33.398 DEBUG [restartedMain] c.m.editorial.EditorialApplication - Running with Spring Boot v3.3.4, Spring v6.1.13
2026-07-13 11:45:33.398 INFO  [restartedMain] c.m.editorial.EditorialApplication - No active profile set, falling back to 1 default profile: "default"
2026-07-13 11:45:34.994 INFO  [restartedMain] o.s.d.r.c.RepositoryConfigurationDelegate - Bootstrapping Spring Data JPA repositories in DEFAULT mode.
2026-07-13 11:45:35.060 INFO  [restartedMain] o.s.d.r.c.RepositoryConfigurationDelegate - Finished Spring Data repository scanning in 64 ms. Found 3 JPA repository interfaces.
2026-07-13 11:45:35.445 INFO  [restartedMain] o.s.b.w.e.tomcat.TomcatWebServer - Tomcat initialized with port 8097 (http)
2026-07-13 11:45:35.448 INFO  [restartedMain] o.a.coyote.http11.Http11NioProtocol - Initializing ProtocolHandler ["http-nio-8097"]
2026-07-13 11:45:35.449 INFO  [restartedMain] o.a.catalina.core.StandardService - Starting service [Tomcat]
2026-07-13 11:45:35.449 INFO  [restartedMain] o.a.catalina.core.StandardEngine - Starting Servlet engine: [Apache Tomcat/10.1.30]
2026-07-13 11:45:35.500 INFO  [restartedMain] o.a.c.c.C.[Tomcat].[localhost].[/] - Initializing Spring embedded WebApplicationContext
2026-07-13 11:45:35.501 INFO  [restartedMain] o.s.b.w.s.c.ServletWebServerApplicationContext - Root WebApplicationContext: initialization completed in 2100 ms
2026-07-13 11:45:36.159 INFO  [restartedMain] o.h.jpa.internal.util.LogHelper - HHH000204: Processing PersistenceUnitInfo [name: default]
2026-07-13 11:45:36.176 INFO  [restartedMain] o.h.c.i.RegionFactoryInitiator - HHH000026: Second-level cache disabled
2026-07-13 11:45:36.229 INFO  [restartedMain] o.s.o.j.p.SpringPersistenceUnitInfo - No LoadTimeWeaver setup: ignoring JPA class transformer
2026-07-13 11:45:36.236 INFO  [restartedMain] com.zaxxer.hikari.HikariDataSource - HikariPool-2 - Starting...
2026-07-13 11:45:36.272 INFO  [restartedMain] com.zaxxer.hikari.pool.HikariPool - HikariPool-2 - Added connection com.mysql.cj.jdbc.ConnectionImpl@3ea14796
2026-07-13 11:45:36.277 INFO  [restartedMain] com.zaxxer.hikari.HikariDataSource - HikariPool-2 - Start completed.
2026-07-13 11:45:36.520 INFO  [restartedMain] o.h.e.t.j.p.i.JtaPlatformInitiator - HHH000489: No JTA platform available (set 'hibernate.transaction.jta.platform' to enable JTA platform integration)
2026-07-13 11:45:36.611 INFO  [restartedMain] o.s.o.j.LocalContainerEntityManagerFactoryBean - Initialized JPA EntityManagerFactory for persistence unit 'default'
2026-07-13 11:45:37.180 INFO  [restartedMain] c.m.editorial.EditorialApplication - Starting EditorialApplication using Java 21.0.2 with PID 6168 (C:\MediaHub-Integrated\editorial\target\classes started by 2506595 in C:\MediaHub-Integrated\editorial)
2026-07-13 11:45:37.187 DEBUG [restartedMain] c.m.editorial.EditorialApplication - Running with Spring Boot v3.3.4, Spring v6.1.13
2026-07-13 11:45:37.191 INFO  [restartedMain] c.m.editorial.EditorialApplication - No active profile set, falling back to 1 default profile: "default"
2026-07-13 11:45:37.327 INFO  [restartedMain] o.s.b.d.e.DevToolsPropertyDefaultsPostProcessor - Devtools property defaults active! Set 'spring.devtools.add-properties' to 'false' to disable
2026-07-13 11:45:37.327 INFO  [restartedMain] o.s.b.d.e.DevToolsPropertyDefaultsPostProcessor - For additional web related logging consider setting the 'logging.level.web' property to 'DEBUG'
2026-07-13 11:45:37.514 WARN  [restartedMain] o.s.b.a.o.j.JpaBaseConfiguration$JpaWebConfiguration - spring.jpa.open-in-view is enabled by default. Therefore, database queries may be performed during view rendering. Explicitly configure spring.jpa.open-in-view to disable this warning
2026-07-13 11:45:38.298 INFO  [restartedMain] o.s.b.d.a.OptionalLiveReloadServer - LiveReload server is running on port 35729
2026-07-13 11:45:38.320 INFO  [restartedMain] o.s.b.a.e.web.EndpointLinksResolver - Exposing 5 endpoints beneath base path '/actuator'
2026-07-13 11:45:38.465 INFO  [restartedMain] o.a.coyote.http11.Http11NioProtocol - Starting ProtocolHandler ["http-nio-8097"]
2026-07-13 11:45:38.470 INFO  [restartedMain] o.s.b.w.e.tomcat.TomcatWebServer - Tomcat started on port 8097 (http) with context path '/'
2026-07-13 11:45:38.476 INFO  [restartedMain] c.m.editorial.EditorialApplication - Started EditorialApplication in 5.492 seconds (process running for 182.37)
2026-07-13 11:45:38.480 INFO  [restartedMain] o.s.b.d.a.ConditionEvaluationDeltaLoggingListener - Condition evaluation unchanged
2026-07-13 11:45:38.480 INFO  [restartedMain] c.m.editorial.EditorialApplication - EditorialApplication started successfully
2026-07-13 11:45:39.761 INFO  [restartedMain] o.s.d.r.c.RepositoryConfigurationDelegate - Bootstrapping Spring Data JPA repositories in DEFAULT mode.
2026-07-13 11:45:40.027 INFO  [restartedMain] o.s.d.r.c.RepositoryConfigurationDelegate - Finished Spring Data repository scanning in 259 ms. Found 3 JPA repository interfaces.
2026-07-13 11:45:41.137 INFO  [restartedMain] o.s.b.w.e.tomcat.TomcatWebServer - Tomcat initialized with port 8097 (http)
2026-07-13 11:45:41.157 INFO  [restartedMain] o.a.coyote.http11.Http11NioProtocol - Initializing ProtocolHandler ["http-nio-8097"]
2026-07-13 11:45:41.165 INFO  [restartedMain] o.a.catalina.core.StandardService - Starting service [Tomcat]
2026-07-13 11:45:41.167 INFO  [restartedMain] o.a.catalina.core.StandardEngine - Starting Servlet engine: [Apache Tomcat/10.1.30]
2026-07-13 11:45:41.243 INFO  [restartedMain] o.a.c.c.C.[Tomcat].[localhost].[/] - Initializing Spring embedded WebApplicationContext
2026-07-13 11:45:41.243 INFO  [restartedMain] o.s.b.w.s.c.ServletWebServerApplicationContext - Root WebApplicationContext: initialization completed in 3912 ms
2026-07-13 11:45:41.708 INFO  [restartedMain] o.h.jpa.internal.util.LogHelper - HHH000204: Processing PersistenceUnitInfo [name: default]
2026-07-13 11:45:41.805 INFO  [restartedMain] org.hibernate.Version - HHH000412: Hibernate ORM core version 6.5.3.Final
2026-07-13 11:45:41.860 INFO  [restartedMain] o.h.c.i.RegionFactoryInitiator - HHH000026: Second-level cache disabled
2026-07-13 11:45:42.274 INFO  [restartedMain] o.s.o.j.p.SpringPersistenceUnitInfo - No LoadTimeWeaver setup: ignoring JPA class transformer
2026-07-13 11:45:42.304 INFO  [restartedMain] com.zaxxer.hikari.HikariDataSource - HikariPool-1 - Starting...
2026-07-13 11:45:42.742 INFO  [restartedMain] com.zaxxer.hikari.pool.HikariPool - HikariPool-1 - Added connection com.mysql.cj.jdbc.ConnectionImpl@41cc5996
2026-07-13 11:45:42.742 INFO  [restartedMain] com.zaxxer.hikari.HikariDataSource - HikariPool-1 - Start completed.
2026-07-13 11:45:44.439 INFO  [restartedMain] o.h.e.t.j.p.i.JtaPlatformInitiator - HHH000489: No JTA platform available (set 'hibernate.transaction.jta.platform' to enable JTA platform integration)
2026-07-13 11:45:44.558 INFO  [restartedMain] o.s.o.j.LocalContainerEntityManagerFactoryBean - Initialized JPA EntityManagerFactory for persistence unit 'default'
2026-07-13 11:45:45.628 WARN  [restartedMain] o.s.b.a.o.j.JpaBaseConfiguration$JpaWebConfiguration - spring.jpa.open-in-view is enabled by default. Therefore, database queries may be performed during view rendering. Explicitly configure spring.jpa.open-in-view to disable this warning
2026-07-13 11:45:46.596 WARN  [restartedMain] o.s.b.d.a.OptionalLiveReloadServer - Unable to start LiveReload server
2026-07-13 11:45:46.613 INFO  [restartedMain] o.s.b.a.e.web.EndpointLinksResolver - Exposing 5 endpoints beneath base path '/actuator'
2026-07-13 11:45:46.710 INFO  [restartedMain] o.a.coyote.http11.Http11NioProtocol - Starting ProtocolHandler ["http-nio-8097"]
2026-07-13 11:45:46.728 WARN  [restartedMain] o.s.b.w.s.c.AnnotationConfigServletWebServerApplicationContext - Exception encountered during context initialization - cancelling refresh attempt: org.springframework.context.ApplicationContextException: Failed to start bean 'webServerStartStop'
2026-07-13 11:45:46.729 INFO  [restartedMain] o.s.o.j.LocalContainerEntityManagerFactoryBean - Closing JPA EntityManagerFactory for persistence unit 'default'
2026-07-13 11:45:46.736 INFO  [restartedMain] com.zaxxer.hikari.HikariDataSource - HikariPool-1 - Shutdown initiated...
2026-07-13 11:45:46.744 INFO  [restartedMain] com.zaxxer.hikari.HikariDataSource - HikariPool-1 - Shutdown completed.
2026-07-13 11:45:46.768 INFO  [restartedMain] o.s.b.a.l.ConditionEvaluationReportLogger - 

Error starting ApplicationContext. To display the condition evaluation report re-run your application with 'debug' enabled.
2026-07-13 11:45:46.795 ERROR [restartedMain] o.s.b.d.LoggingFailureAnalysisReporter - 

***************************
APPLICATION FAILED TO START
***************************

Description:

Web server failed to start. Port 8097 was already in use.

Action:

Identify and stop the process that's listening on port 8097 or configure this application to listen on another port.

2026-07-13 11:46:15.541 INFO  [File Watcher] o.s.b.d.a.LocalDevToolsAutoConfiguration$RestartingClassPathChangeChangedEventListener - Restarting due to 1 class path change (0 additions, 0 deletions, 1 modification)
2026-07-13 11:46:15.545 INFO  [Thread-7] o.a.coyote.http11.Http11NioProtocol - Stopping ProtocolHandler ["http-nio-8097"]
2026-07-13 11:46:15.575 INFO  [Thread-7] o.s.o.j.LocalContainerEntityManagerFactoryBean - Closing JPA EntityManagerFactory for persistence unit 'default'
2026-07-13 11:46:15.580 INFO  [Thread-7] com.zaxxer.hikari.HikariDataSource - HikariPool-2 - Shutdown initiated...
2026-07-13 11:46:15.602 INFO  [Thread-7] com.zaxxer.hikari.HikariDataSource - HikariPool-2 - Shutdown completed.
2026-07-13 11:46:15.708 INFO  [restartedMain] c.m.editorial.EditorialApplication - Starting EditorialApplication
2026-07-13 11:46:15.785 INFO  [restartedMain] c.m.editorial.EditorialApplication - Starting EditorialApplication using Java 21.0.2 with PID 10540 (C:\MediaHub-Integrated\editorial\target\classes started by 2506595 in C:\MediaHub-Integrated\editorial)
2026-07-13 11:46:15.785 DEBUG [restartedMain] c.m.editorial.EditorialApplication - Running with Spring Boot v3.3.4, Spring v6.1.13
2026-07-13 11:46:15.785 INFO  [restartedMain] c.m.editorial.EditorialApplication - No active profile set, falling back to 1 default profile: "default"
2026-07-13 11:46:16.269 INFO  [restartedMain] o.s.d.r.c.RepositoryConfigurationDelegate - Bootstrapping Spring Data JPA repositories in DEFAULT mode.
2026-07-13 11:46:16.308 INFO  [restartedMain] o.s.d.r.c.RepositoryConfigurationDelegate - Finished Spring Data repository scanning in 35 ms. Found 3 JPA repository interfaces.
2026-07-13 11:46:16.515 INFO  [restartedMain] o.s.b.w.e.tomcat.TomcatWebServer - Tomcat initialized with port 9097 (http)
2026-07-13 11:46:16.515 INFO  [restartedMain] o.a.coyote.http11.Http11NioProtocol - Initializing ProtocolHandler ["http-nio-9097"]
2026-07-13 11:46:16.521 INFO  [restartedMain] o.a.catalina.core.StandardService - Starting service [Tomcat]
2026-07-13 11:46:16.521 INFO  [restartedMain] o.a.catalina.core.StandardEngine - Starting Servlet engine: [Apache Tomcat/10.1.30]
2026-07-13 11:46:16.557 INFO  [restartedMain] o.a.c.c.C.[Tomcat].[localhost].[/] - Initializing Spring embedded WebApplicationContext
2026-07-13 11:46:16.557 INFO  [restartedMain] o.s.b.w.s.c.ServletWebServerApplicationContext - Root WebApplicationContext: initialization completed in 765 ms
2026-07-13 11:46:16.713 INFO  [restartedMain] o.h.jpa.internal.util.LogHelper - HHH000204: Processing PersistenceUnitInfo [name: default]
2026-07-13 11:46:16.731 INFO  [restartedMain] o.h.c.i.RegionFactoryInitiator - HHH000026: Second-level cache disabled
2026-07-13 11:46:16.746 INFO  [restartedMain] o.s.o.j.p.SpringPersistenceUnitInfo - No LoadTimeWeaver setup: ignoring JPA class transformer
2026-07-13 11:46:16.752 INFO  [restartedMain] com.zaxxer.hikari.HikariDataSource - HikariPool-3 - Starting...
2026-07-13 11:46:16.818 INFO  [restartedMain] com.zaxxer.hikari.pool.HikariPool - HikariPool-3 - Added connection com.mysql.cj.jdbc.ConnectionImpl@6595c4b1
2026-07-13 11:46:16.819 INFO  [restartedMain] com.zaxxer.hikari.HikariDataSource - HikariPool-3 - Start completed.
2026-07-13 11:46:16.902 INFO  [restartedMain] o.h.e.t.j.p.i.JtaPlatformInitiator - HHH000489: No JTA platform available (set 'hibernate.transaction.jta.platform' to enable JTA platform integration)
2026-07-13 11:46:16.918 INFO  [restartedMain] o.s.o.j.LocalContainerEntityManagerFactoryBean - Initialized JPA EntityManagerFactory for persistence unit 'default'
2026-07-13 11:46:17.294 WARN  [restartedMain] o.s.b.a.o.j.JpaBaseConfiguration$JpaWebConfiguration - spring.jpa.open-in-view is enabled by default. Therefore, database queries may be performed during view rendering. Explicitly configure spring.jpa.open-in-view to disable this warning
2026-07-13 11:46:17.304 INFO  [restartedMain] c.m.editorial.EditorialApplication - Starting EditorialApplication using Java 21.0.2 with PID 28404 (C:\MediaHub-Integrated\editorial\target\classes started by 2506595 in C:\MediaHub-Integrated\editorial)
2026-07-13 11:46:17.313 DEBUG [restartedMain] c.m.editorial.EditorialApplication - Running with Spring Boot v3.3.4, Spring v6.1.13
2026-07-13 11:46:17.313 INFO  [restartedMain] c.m.editorial.EditorialApplication - No active profile set, falling back to 1 default profile: "default"
2026-07-13 11:46:17.410 INFO  [restartedMain] o.s.b.d.e.DevToolsPropertyDefaultsPostProcessor - Devtools property defaults active! Set 'spring.devtools.add-properties' to 'false' to disable
2026-07-13 11:46:17.410 INFO  [restartedMain] o.s.b.d.e.DevToolsPropertyDefaultsPostProcessor - For additional web related logging consider setting the 'logging.level.web' property to 'DEBUG'
2026-07-13 11:46:17.772 INFO  [restartedMain] o.s.b.d.a.OptionalLiveReloadServer - LiveReload server is running on port 35729
2026-07-13 11:46:17.788 INFO  [restartedMain] o.s.b.a.e.web.EndpointLinksResolver - Exposing 5 endpoints beneath base path '/actuator'
2026-07-13 11:46:17.821 INFO  [restartedMain] o.a.coyote.http11.Http11NioProtocol - Starting ProtocolHandler ["http-nio-9097"]
2026-07-13 11:46:17.830 INFO  [restartedMain] o.s.b.w.e.tomcat.TomcatWebServer - Tomcat started on port 9097 (http) with context path '/'
2026-07-13 11:46:17.837 INFO  [restartedMain] c.m.editorial.EditorialApplication - Started EditorialApplication in 2.118 seconds (process running for 221.732)
2026-07-13 11:46:17.837 INFO  [restartedMain] o.s.b.d.a.ConditionEvaluationDeltaLoggingListener - Condition evaluation unchanged
2026-07-13 11:46:17.843 INFO  [restartedMain] c.m.editorial.EditorialApplication - EditorialApplication started successfully
2026-07-13 11:46:19.104 INFO  [restartedMain] o.s.d.r.c.RepositoryConfigurationDelegate - Bootstrapping Spring Data JPA repositories in DEFAULT mode.
2026-07-13 11:46:19.430 INFO  [restartedMain] o.s.d.r.c.RepositoryConfigurationDelegate - Finished Spring Data repository scanning in 311 ms. Found 3 JPA repository interfaces.
2026-07-13 11:46:20.624 INFO  [restartedMain] o.s.b.w.e.tomcat.TomcatWebServer - Tomcat initialized with port 9097 (http)
2026-07-13 11:46:20.630 INFO  [restartedMain] o.a.coyote.http11.Http11NioProtocol - Initializing ProtocolHandler ["http-nio-9097"]
2026-07-13 11:46:20.646 INFO  [restartedMain] o.a.catalina.core.StandardService - Starting service [Tomcat]
2026-07-13 11:46:20.648 INFO  [restartedMain] o.a.catalina.core.StandardEngine - Starting Servlet engine: [Apache Tomcat/10.1.30]
2026-07-13 11:46:20.738 INFO  [restartedMain] o.a.c.c.C.[Tomcat].[localhost].[/] - Initializing Spring embedded WebApplicationContext
2026-07-13 11:46:20.738 INFO  [restartedMain] o.s.b.w.s.c.ServletWebServerApplicationContext - Root WebApplicationContext: initialization completed in 3328 ms
2026-07-13 11:46:21.324 INFO  [restartedMain] o.h.jpa.internal.util.LogHelper - HHH000204: Processing PersistenceUnitInfo [name: default]
2026-07-13 11:46:21.409 INFO  [restartedMain] org.hibernate.Version - HHH000412: Hibernate ORM core version 6.5.3.Final
2026-07-13 11:46:21.473 INFO  [restartedMain] o.h.c.i.RegionFactoryInitiator - HHH000026: Second-level cache disabled
2026-07-13 11:46:21.930 INFO  [restartedMain] o.s.o.j.p.SpringPersistenceUnitInfo - No LoadTimeWeaver setup: ignoring JPA class transformer
2026-07-13 11:46:22.018 INFO  [restartedMain] com.zaxxer.hikari.HikariDataSource - HikariPool-1 - Starting...
2026-07-13 11:46:22.483 INFO  [restartedMain] com.zaxxer.hikari.pool.HikariPool - HikariPool-1 - Added connection com.mysql.cj.jdbc.ConnectionImpl@1341d0d9
2026-07-13 11:46:22.483 INFO  [restartedMain] com.zaxxer.hikari.HikariDataSource - HikariPool-1 - Start completed.
2026-07-13 11:46:23.861 INFO  [restartedMain] o.h.e.t.j.p.i.JtaPlatformInitiator - HHH000489: No JTA platform available (set 'hibernate.transaction.jta.platform' to enable JTA platform integration)
2026-07-13 11:46:23.934 INFO  [restartedMain] o.s.o.j.LocalContainerEntityManagerFactoryBean - Initialized JPA EntityManagerFactory for persistence unit 'default'
2026-07-13 11:46:24.919 WARN  [restartedMain] o.s.b.a.o.j.JpaBaseConfiguration$JpaWebConfiguration - spring.jpa.open-in-view is enabled by default. Therefore, database queries may be performed during view rendering. Explicitly configure spring.jpa.open-in-view to disable this warning
2026-07-13 11:46:25.943 WARN  [restartedMain] o.s.b.d.a.OptionalLiveReloadServer - Unable to start LiveReload server
2026-07-13 11:46:25.959 INFO  [restartedMain] o.s.b.a.e.web.EndpointLinksResolver - Exposing 5 endpoints beneath base path '/actuator'
2026-07-13 11:46:26.081 INFO  [restartedMain] o.a.coyote.http11.Http11NioProtocol - Starting ProtocolHandler ["http-nio-9097"]
2026-07-13 11:46:26.121 WARN  [restartedMain] o.s.b.w.s.c.AnnotationConfigServletWebServerApplicationContext - Exception encountered during context initialization - cancelling refresh attempt: org.springframework.context.ApplicationContextException: Failed to start bean 'webServerStartStop'
2026-07-13 11:46:26.129 INFO  [restartedMain] o.s.o.j.LocalContainerEntityManagerFactoryBean - Closing JPA EntityManagerFactory for persistence unit 'default'
2026-07-13 11:46:26.139 INFO  [restartedMain] com.zaxxer.hikari.HikariDataSource - HikariPool-1 - Shutdown initiated...
2026-07-13 11:46:26.173 INFO  [restartedMain] com.zaxxer.hikari.HikariDataSource - HikariPool-1 - Shutdown completed.
2026-07-13 11:46:26.207 INFO  [restartedMain] o.s.b.a.l.ConditionEvaluationReportLogger - 

Error starting ApplicationContext. To display the condition evaluation report re-run your application with 'debug' enabled.
2026-07-13 11:46:26.247 ERROR [restartedMain] o.s.b.d.LoggingFailureAnalysisReporter - 

***************************
APPLICATION FAILED TO START
***************************

Description:

Web server failed to start. Port 9097 was already in use.

Action:

Identify and stop the process that's listening on port 9097 or configure this application to listen on another port.

2026-07-13 11:48:08.554 INFO  [restartedMain] c.m.editorial.EditorialApplication - Starting EditorialApplication using Java 21.0.2 with PID 6520 (C:\MediaHub-Integrated\editorial\target\classes started by 2506595 in C:\MediaHub-Integrated\editorial)
2026-07-13 11:48:08.554 DEBUG [restartedMain] c.m.editorial.EditorialApplication - Running with Spring Boot v3.3.4, Spring v6.1.13
2026-07-13 11:48:08.554 INFO  [restartedMain] c.m.editorial.EditorialApplication - No active profile set, falling back to 1 default profile: "default"
2026-07-13 11:48:08.627 INFO  [restartedMain] o.s.b.d.e.DevToolsPropertyDefaultsPostProcessor - Devtools property defaults active! Set 'spring.devtools.add-properties' to 'false' to disable
2026-07-13 11:48:08.627 INFO  [restartedMain] o.s.b.d.e.DevToolsPropertyDefaultsPostProcessor - For additional web related logging consider setting the 'logging.level.web' property to 'DEBUG'
2026-07-13 11:48:10.018 INFO  [restartedMain] o.s.d.r.c.RepositoryConfigurationDelegate - Bootstrapping Spring Data JPA repositories in DEFAULT mode.
2026-07-13 11:48:10.246 INFO  [restartedMain] o.s.d.r.c.RepositoryConfigurationDelegate - Finished Spring Data repository scanning in 211 ms. Found 3 JPA repository interfaces.
2026-07-13 11:48:11.309 INFO  [restartedMain] o.s.b.w.e.tomcat.TomcatWebServer - Tomcat initialized with port 9097 (http)
2026-07-13 11:48:11.326 INFO  [restartedMain] o.a.coyote.http11.Http11NioProtocol - Initializing ProtocolHandler ["http-nio-9097"]
2026-07-13 11:48:11.336 INFO  [restartedMain] o.a.catalina.core.StandardService - Starting service [Tomcat]
2026-07-13 11:48:11.336 INFO  [restartedMain] o.a.catalina.core.StandardEngine - Starting Servlet engine: [Apache Tomcat/10.1.30]
2026-07-13 11:48:11.424 INFO  [restartedMain] o.a.c.c.C.[Tomcat].[localhost].[/] - Initializing Spring embedded WebApplicationContext
2026-07-13 11:48:11.424 INFO  [restartedMain] o.s.b.w.s.c.ServletWebServerApplicationContext - Root WebApplicationContext: initialization completed in 2795 ms
2026-07-13 11:48:11.843 INFO  [restartedMain] o.h.jpa.internal.util.LogHelper - HHH000204: Processing PersistenceUnitInfo [name: default]
2026-07-13 11:48:11.964 INFO  [restartedMain] org.hibernate.Version - HHH000412: Hibernate ORM core version 6.5.3.Final
2026-07-13 11:48:12.016 INFO  [restartedMain] o.h.c.i.RegionFactoryInitiator - HHH000026: Second-level cache disabled
2026-07-13 11:48:12.429 INFO  [restartedMain] o.s.o.j.p.SpringPersistenceUnitInfo - No LoadTimeWeaver setup: ignoring JPA class transformer
2026-07-13 11:48:12.467 INFO  [restartedMain] com.zaxxer.hikari.HikariDataSource - HikariPool-1 - Starting...
2026-07-13 11:48:12.907 INFO  [restartedMain] com.zaxxer.hikari.pool.HikariPool - HikariPool-1 - Added connection com.mysql.cj.jdbc.ConnectionImpl@1116815e
2026-07-13 11:48:12.910 INFO  [restartedMain] com.zaxxer.hikari.HikariDataSource - HikariPool-1 - Start completed.
2026-07-13 11:48:14.323 INFO  [restartedMain] o.h.e.t.j.p.i.JtaPlatformInitiator - HHH000489: No JTA platform available (set 'hibernate.transaction.jta.platform' to enable JTA platform integration)
2026-07-13 11:48:14.436 INFO  [restartedMain] o.s.o.j.LocalContainerEntityManagerFactoryBean - Initialized JPA EntityManagerFactory for persistence unit 'default'
2026-07-13 11:48:15.542 WARN  [restartedMain] o.s.b.a.o.j.JpaBaseConfiguration$JpaWebConfiguration - spring.jpa.open-in-view is enabled by default. Therefore, database queries may be performed during view rendering. Explicitly configure spring.jpa.open-in-view to disable this warning
2026-07-13 11:48:16.475 INFO  [restartedMain] o.s.b.d.a.OptionalLiveReloadServer - LiveReload server is running on port 35729
2026-07-13 11:48:16.495 INFO  [restartedMain] o.s.b.a.e.web.EndpointLinksResolver - Exposing 5 endpoints beneath base path '/actuator'
2026-07-13 11:48:16.612 INFO  [restartedMain] o.a.coyote.http11.Http11NioProtocol - Starting ProtocolHandler ["http-nio-9097"]
2026-07-13 11:48:16.691 INFO  [restartedMain] o.s.b.w.e.tomcat.TomcatWebServer - Tomcat started on port 9097 (http) with context path '/'
2026-07-13 11:48:16.708 INFO  [restartedMain] c.m.editorial.EditorialApplication - Started EditorialApplication in 9.045 seconds (process running for 9.864)
2026-07-13 11:48:16.870 INFO  [restartedMain] c.m.editorial.EditorialApplication - EditorialApplication started successfully
2026-07-13 11:52:06.056 INFO  [http-nio-9097-exec-2] o.a.c.c.C.[Tomcat].[localhost].[/] - Initializing Spring DispatcherServlet 'dispatcherServlet'
2026-07-13 11:52:06.057 INFO  [http-nio-9097-exec-2] o.s.web.servlet.DispatcherServlet - Initializing Servlet 'dispatcherServlet'
2026-07-13 11:52:06.062 INFO  [http-nio-9097-exec-2] o.s.web.servlet.DispatcherServlet - Completed initialization in 3 ms
2026-07-13 11:52:08.727 ERROR [http-nio-9097-exec-2] o.a.c.c.C.[.[.[.[dispatcherServlet] - Servlet.service() for servlet [dispatcherServlet] in context with path [] threw exception [Request processing failed: org.springframework.web.reactive.function.client.WebClientRequestException: Connection refused: getsockopt: localhost/127.0.0.1:8085] with root cause
java.net.ConnectException: Connection refused: getsockopt
	at java.base/sun.nio.ch.Net.pollConnect(Native Method)
	at java.base/sun.nio.ch.Net.pollConnectNow(Net.java:682)
	at java.base/sun.nio.ch.SocketChannelImpl.finishConnect(SocketChannelImpl.java:973)
	at io.netty.channel.socket.nio.NioSocketChannel.doFinishConnect(NioSocketChannel.java:336)
	at io.netty.channel.nio.AbstractNioChannel$AbstractNioUnsafe.finishConnect(AbstractNioChannel.java:339)
	at io.netty.channel.nio.NioEventLoop.processSelectedKey(NioEventLoop.java:776)
	at io.netty.channel.nio.NioEventLoop.processSelectedKeysOptimized(NioEventLoop.java:724)
	at io.netty.channel.nio.NioEventLoop.processSelectedKeys(NioEventLoop.java:650)
	at io.netty.channel.nio.NioEventLoop.run(NioEventLoop.java:562)
	at io.netty.util.concurrent.SingleThreadEventExecutor$4.run(SingleThreadEventExecutor.java:997)
	at io.netty.util.internal.ThreadExecutorMap$2.run(ThreadExecutorMap.java:74)
	at io.netty.util.concurrent.FastThreadLocalRunnable.run(FastThreadLocalRunnable.java:30)
	at java.base/java.lang.Thread.run(Thread.java:1583)
2026-07-13 11:54:05.449 ERROR [http-nio-9097-exec-6] o.a.c.c.C.[.[.[.[dispatcherServlet] - Servlet.service() for servlet [dispatcherServlet] in context with path [] threw exception [Request processing failed: org.springframework.web.reactive.function.client.WebClientRequestException: Connection refused: getsockopt: localhost/127.0.0.1:8085] with root cause
java.net.ConnectException: Connection refused: getsockopt
	at java.base/sun.nio.ch.Net.pollConnect(Native Method)
	at java.base/sun.nio.ch.Net.pollConnectNow(Net.java:682)
	at java.base/sun.nio.ch.SocketChannelImpl.finishConnect(SocketChannelImpl.java:973)
	at io.netty.channel.socket.nio.NioSocketChannel.doFinishConnect(NioSocketChannel.java:336)
	at io.netty.channel.nio.AbstractNioChannel$AbstractNioUnsafe.finishConnect(AbstractNioChannel.java:339)
	at io.netty.channel.nio.NioEventLoop.processSelectedKey(NioEventLoop.java:776)
	at io.netty.channel.nio.NioEventLoop.processSelectedKeysOptimized(NioEventLoop.java:724)
	at io.netty.channel.nio.NioEventLoop.processSelectedKeys(NioEventLoop.java:650)
	at io.netty.channel.nio.NioEventLoop.run(NioEventLoop.java:562)
	at io.netty.util.concurrent.SingleThreadEventExecutor$4.run(SingleThreadEventExecutor.java:997)
	at io.netty.util.internal.ThreadExecutorMap$2.run(ThreadExecutorMap.java:74)
	at io.netty.util.concurrent.FastThreadLocalRunnable.run(FastThreadLocalRunnable.java:30)
	at java.base/java.lang.Thread.run(Thread.java:1583)
2026-07-13 11:54:45.960 ERROR [http-nio-9097-exec-5] o.a.c.c.C.[.[.[.[dispatcherServlet] - Servlet.service() for servlet [dispatcherServlet] in context with path [] threw exception [Request processing failed: org.springframework.web.reactive.function.client.WebClientRequestException: Connection refused: getsockopt: localhost/127.0.0.1:8085] with root cause
java.net.ConnectException: Connection refused: getsockopt
	at java.base/sun.nio.ch.Net.pollConnect(Native Method)
	at java.base/sun.nio.ch.Net.pollConnectNow(Net.java:682)
	at java.base/sun.nio.ch.SocketChannelImpl.finishConnect(SocketChannelImpl.java:973)
	at io.netty.channel.socket.nio.NioSocketChannel.doFinishConnect(NioSocketChannel.java:336)
	at io.netty.channel.nio.AbstractNioChannel$AbstractNioUnsafe.finishConnect(AbstractNioChannel.java:339)
	at io.netty.channel.nio.NioEventLoop.processSelectedKey(NioEventLoop.java:776)
	at io.netty.channel.nio.NioEventLoop.processSelectedKeysOptimized(NioEventLoop.java:724)
	at io.netty.channel.nio.NioEventLoop.processSelectedKeys(NioEventLoop.java:650)
	at io.netty.channel.nio.NioEventLoop.run(NioEventLoop.java:562)
	at io.netty.util.concurrent.SingleThreadEventExecutor$4.run(SingleThreadEventExecutor.java:997)
	at io.netty.util.internal.ThreadExecutorMap$2.run(ThreadExecutorMap.java:74)
	at io.netty.util.concurrent.FastThreadLocalRunnable.run(FastThreadLocalRunnable.java:30)
	at java.base/java.lang.Thread.run(Thread.java:1583)
2026-07-13 11:55:06.874 ERROR [http-nio-9097-exec-1] o.a.c.c.C.[.[.[.[dispatcherServlet] - Servlet.service() for servlet [dispatcherServlet] in context with path [] threw exception [Request processing failed: org.springframework.web.reactive.function.client.WebClientRequestException: Connection refused: getsockopt: localhost/127.0.0.1:8085] with root cause
java.net.ConnectException: Connection refused: getsockopt
	at java.base/sun.nio.ch.Net.pollConnect(Native Method)
	at java.base/sun.nio.ch.Net.pollConnectNow(Net.java:682)
	at java.base/sun.nio.ch.SocketChannelImpl.finishConnect(SocketChannelImpl.java:973)
	at io.netty.channel.socket.nio.NioSocketChannel.doFinishConnect(NioSocketChannel.java:336)
	at io.netty.channel.nio.AbstractNioChannel$AbstractNioUnsafe.finishConnect(AbstractNioChannel.java:339)
	at io.netty.channel.nio.NioEventLoop.processSelectedKey(NioEventLoop.java:776)
	at io.netty.channel.nio.NioEventLoop.processSelectedKeysOptimized(NioEventLoop.java:724)
	at io.netty.channel.nio.NioEventLoop.processSelectedKeys(NioEventLoop.java:650)
	at io.netty.channel.nio.NioEventLoop.run(NioEventLoop.java:562)
	at io.netty.util.concurrent.SingleThreadEventExecutor$4.run(SingleThreadEventExecutor.java:997)
	at io.netty.util.internal.ThreadExecutorMap$2.run(ThreadExecutorMap.java:74)
	at io.netty.util.concurrent.FastThreadLocalRunnable.run(FastThreadLocalRunnable.java:30)
	at java.base/java.lang.Thread.run(Thread.java:1583)
2026-07-13 11:56:55.384 ERROR [http-nio-9097-exec-3] o.a.c.c.C.[.[.[.[dispatcherServlet] - Servlet.service() for servlet [dispatcherServlet] in context with path [] threw exception [Request processing failed: org.springframework.web.reactive.function.client.WebClientRequestException: Connection refused: getsockopt: localhost/127.0.0.1:8085] with root cause
java.net.ConnectException: Connection refused: getsockopt
	at java.base/sun.nio.ch.Net.pollConnect(Native Method)
	at java.base/sun.nio.ch.Net.pollConnectNow(Net.java:682)
	at java.base/sun.nio.ch.SocketChannelImpl.finishConnect(SocketChannelImpl.java:973)
	at io.netty.channel.socket.nio.NioSocketChannel.doFinishConnect(NioSocketChannel.java:336)
	at io.netty.channel.nio.AbstractNioChannel$AbstractNioUnsafe.finishConnect(AbstractNioChannel.java:339)
	at io.netty.channel.nio.NioEventLoop.processSelectedKey(NioEventLoop.java:776)
	at io.netty.channel.nio.NioEventLoop.processSelectedKeysOptimized(NioEventLoop.java:724)
	at io.netty.channel.nio.NioEventLoop.processSelectedKeys(NioEventLoop.java:650)
	at io.netty.channel.nio.NioEventLoop.run(NioEventLoop.java:562)
	at io.netty.util.concurrent.SingleThreadEventExecutor$4.run(SingleThreadEventExecutor.java:997)
	at io.netty.util.internal.ThreadExecutorMap$2.run(ThreadExecutorMap.java:74)
	at io.netty.util.concurrent.FastThreadLocalRunnable.run(FastThreadLocalRunnable.java:30)
	at java.base/java.lang.Thread.run(Thread.java:1583)
2026-07-13 12:28:52.506 INFO  [restartedMain] c.m.editorial.EditorialApplication - Starting EditorialApplication using Java 21.0.2 with PID 24200 (C:\MediaHub-Integrated\editorial\target\classes started by 2506595 in C:\MediaHub-Integrated\editorial)
2026-07-13 12:28:52.506 DEBUG [restartedMain] c.m.editorial.EditorialApplication - Running with Spring Boot v3.3.4, Spring v6.1.13
2026-07-13 12:28:52.506 INFO  [restartedMain] c.m.editorial.EditorialApplication - No active profile set, falling back to 1 default profile: "default"
2026-07-13 12:28:52.583 INFO  [restartedMain] o.s.b.d.e.DevToolsPropertyDefaultsPostProcessor - Devtools property defaults active! Set 'spring.devtools.add-properties' to 'false' to disable
2026-07-13 12:28:52.583 INFO  [restartedMain] o.s.b.d.e.DevToolsPropertyDefaultsPostProcessor - For additional web related logging consider setting the 'logging.level.web' property to 'DEBUG'
2026-07-13 12:28:54.344 INFO  [restartedMain] o.s.d.r.c.RepositoryConfigurationDelegate - Bootstrapping Spring Data JPA repositories in DEFAULT mode.
2026-07-13 12:28:54.737 INFO  [restartedMain] o.s.d.r.c.RepositoryConfigurationDelegate - Finished Spring Data repository scanning in 376 ms. Found 3 JPA repository interfaces.
2026-07-13 12:28:56.190 INFO  [restartedMain] o.s.b.w.e.tomcat.TomcatWebServer - Tomcat initialized with port 9097 (http)
2026-07-13 12:28:56.215 INFO  [restartedMain] o.a.coyote.http11.Http11NioProtocol - Initializing ProtocolHandler ["http-nio-9097"]
2026-07-13 12:28:56.215 INFO  [restartedMain] o.a.catalina.core.StandardService - Starting service [Tomcat]
2026-07-13 12:28:56.215 INFO  [restartedMain] o.a.catalina.core.StandardEngine - Starting Servlet engine: [Apache Tomcat/10.1.30]
2026-07-13 12:28:56.311 INFO  [restartedMain] o.a.c.c.C.[Tomcat].[localhost].[/] - Initializing Spring embedded WebApplicationContext
2026-07-13 12:28:56.311 INFO  [restartedMain] o.s.b.w.s.c.ServletWebServerApplicationContext - Root WebApplicationContext: initialization completed in 3724 ms
2026-07-13 12:28:56.869 INFO  [restartedMain] o.h.jpa.internal.util.LogHelper - HHH000204: Processing PersistenceUnitInfo [name: default]
2026-07-13 12:28:56.995 INFO  [restartedMain] org.hibernate.Version - HHH000412: Hibernate ORM core version 6.5.3.Final
2026-07-13 12:28:57.101 INFO  [restartedMain] o.h.c.i.RegionFactoryInitiator - HHH000026: Second-level cache disabled
2026-07-13 12:28:57.670 INFO  [restartedMain] o.s.o.j.p.SpringPersistenceUnitInfo - No LoadTimeWeaver setup: ignoring JPA class transformer
2026-07-13 12:28:57.728 INFO  [restartedMain] com.zaxxer.hikari.HikariDataSource - HikariPool-1 - Starting...
2026-07-13 12:28:58.214 INFO  [restartedMain] com.zaxxer.hikari.pool.HikariPool - HikariPool-1 - Added connection com.mysql.cj.jdbc.ConnectionImpl@bc17aa0
2026-07-13 12:28:58.214 INFO  [restartedMain] com.zaxxer.hikari.HikariDataSource - HikariPool-1 - Start completed.
2026-07-13 12:28:59.972 INFO  [restartedMain] o.h.e.t.j.p.i.JtaPlatformInitiator - HHH000489: No JTA platform available (set 'hibernate.transaction.jta.platform' to enable JTA platform integration)
2026-07-13 12:29:00.098 INFO  [restartedMain] o.s.o.j.LocalContainerEntityManagerFactoryBean - Initialized JPA EntityManagerFactory for persistence unit 'default'
2026-07-13 12:29:01.300 WARN  [restartedMain] o.s.b.a.o.j.JpaBaseConfiguration$JpaWebConfiguration - spring.jpa.open-in-view is enabled by default. Therefore, database queries may be performed during view rendering. Explicitly configure spring.jpa.open-in-view to disable this warning
2026-07-13 12:29:02.434 INFO  [restartedMain] o.s.b.d.a.OptionalLiveReloadServer - LiveReload server is running on port 35729
2026-07-13 12:29:02.456 INFO  [restartedMain] o.s.b.a.e.web.EndpointLinksResolver - Exposing 5 endpoints beneath base path '/actuator'
2026-07-13 12:29:02.563 INFO  [restartedMain] o.a.coyote.http11.Http11NioProtocol - Starting ProtocolHandler ["http-nio-9097"]
2026-07-13 12:29:02.614 INFO  [restartedMain] o.s.b.w.e.tomcat.TomcatWebServer - Tomcat started on port 9097 (http) with context path '/'
2026-07-13 12:29:02.636 INFO  [restartedMain] c.m.editorial.EditorialApplication - Started EditorialApplication in 10.93 seconds (process running for 11.693)
2026-07-13 12:29:02.815 INFO  [restartedMain] c.m.editorial.EditorialApplication - EditorialApplication started successfully
2026-07-13 12:29:15.554 INFO  [http-nio-9097-exec-3] o.a.c.c.C.[Tomcat].[localhost].[/] - Initializing Spring DispatcherServlet 'dispatcherServlet'
2026-07-13 12:29:15.557 INFO  [http-nio-9097-exec-3] o.s.web.servlet.DispatcherServlet - Initializing Servlet 'dispatcherServlet'
2026-07-13 12:29:15.562 INFO  [http-nio-9097-exec-3] o.s.web.servlet.DispatcherServlet - Completed initialization in 5 ms
2026-07-13 12:29:49.348 INFO  [reactor-http-nio-2] c.m.e.client.NotificationClient - Notification sent successfully
2026-07-13 13:50:06.342 INFO  [restartedMain] c.m.editorial.EditorialApplication - Starting EditorialApplication using Java 21.0.2 with PID 13040 (C:\MediaHub-Integrated\editorial\target\classes started by 2506595 in C:\MediaHub-Integrated\editorial)
2026-07-13 13:50:06.343 DEBUG [restartedMain] c.m.editorial.EditorialApplication - Running with Spring Boot v3.3.4, Spring v6.1.13
2026-07-13 13:50:06.343 INFO  [restartedMain] c.m.editorial.EditorialApplication - No active profile set, falling back to 1 default profile: "default"
2026-07-13 13:50:06.389 INFO  [restartedMain] o.s.b.d.e.DevToolsPropertyDefaultsPostProcessor - Devtools property defaults active! Set 'spring.devtools.add-properties' to 'false' to disable
2026-07-13 13:50:06.389 INFO  [restartedMain] o.s.b.d.e.DevToolsPropertyDefaultsPostProcessor - For additional web related logging consider setting the 'logging.level.web' property to 'DEBUG'
2026-07-13 13:50:07.271 INFO  [restartedMain] o.s.d.r.c.RepositoryConfigurationDelegate - Bootstrapping Spring Data JPA repositories in DEFAULT mode.
2026-07-13 13:50:07.468 INFO  [restartedMain] o.s.d.r.c.RepositoryConfigurationDelegate - Finished Spring Data repository scanning in 188 ms. Found 3 JPA repository interfaces.
2026-07-13 13:50:08.368 INFO  [restartedMain] o.s.b.w.e.tomcat.TomcatWebServer - Tomcat initialized with port 9097 (http)
2026-07-13 13:50:08.368 INFO  [restartedMain] o.a.coyote.http11.Http11NioProtocol - Initializing ProtocolHandler ["http-nio-9097"]
2026-07-13 13:50:08.387 INFO  [restartedMain] o.a.catalina.core.StandardService - Starting service [Tomcat]
2026-07-13 13:50:08.388 INFO  [restartedMain] o.a.catalina.core.StandardEngine - Starting Servlet engine: [Apache Tomcat/10.1.30]
2026-07-13 13:50:08.439 INFO  [restartedMain] o.a.c.c.C.[Tomcat].[localhost].[/] - Initializing Spring embedded WebApplicationContext
2026-07-13 13:50:08.439 INFO  [restartedMain] o.s.b.w.s.c.ServletWebServerApplicationContext - Root WebApplicationContext: initialization completed in 2049 ms
2026-07-13 13:50:08.794 INFO  [restartedMain] o.h.jpa.internal.util.LogHelper - HHH000204: Processing PersistenceUnitInfo [name: default]
2026-07-13 13:50:08.903 INFO  [restartedMain] org.hibernate.Version - HHH000412: Hibernate ORM core version 6.5.3.Final
2026-07-13 13:50:08.934 INFO  [restartedMain] o.h.c.i.RegionFactoryInitiator - HHH000026: Second-level cache disabled
2026-07-13 13:50:09.328 INFO  [restartedMain] o.s.o.j.p.SpringPersistenceUnitInfo - No LoadTimeWeaver setup: ignoring JPA class transformer
2026-07-13 13:50:09.368 INFO  [restartedMain] com.zaxxer.hikari.HikariDataSource - HikariPool-1 - Starting...
2026-07-13 13:50:09.870 INFO  [restartedMain] com.zaxxer.hikari.pool.HikariPool - HikariPool-1 - Added connection com.mysql.cj.jdbc.ConnectionImpl@20b1f8ef
2026-07-13 13:50:09.870 INFO  [restartedMain] com.zaxxer.hikari.HikariDataSource - HikariPool-1 - Start completed.
2026-07-13 13:50:11.006 INFO  [restartedMain] o.h.e.t.j.p.i.JtaPlatformInitiator - HHH000489: No JTA platform available (set 'hibernate.transaction.jta.platform' to enable JTA platform integration)
2026-07-13 13:50:11.069 INFO  [restartedMain] o.s.o.j.LocalContainerEntityManagerFactoryBean - Initialized JPA EntityManagerFactory for persistence unit 'default'
2026-07-13 13:50:11.969 WARN  [restartedMain] o.s.b.a.o.j.JpaBaseConfiguration$JpaWebConfiguration - spring.jpa.open-in-view is enabled by default. Therefore, database queries may be performed during view rendering. Explicitly configure spring.jpa.open-in-view to disable this warning
2026-07-13 13:50:12.868 INFO  [restartedMain] o.s.b.d.a.OptionalLiveReloadServer - LiveReload server is running on port 35729
2026-07-13 13:50:12.892 INFO  [restartedMain] o.s.b.a.e.web.EndpointLinksResolver - Exposing 5 endpoints beneath base path '/actuator'
2026-07-13 13:50:12.961 INFO  [restartedMain] o.a.coyote.http11.Http11NioProtocol - Starting ProtocolHandler ["http-nio-9097"]
2026-07-13 13:50:12.989 INFO  [restartedMain] o.s.b.w.e.tomcat.TomcatWebServer - Tomcat started on port 9097 (http) with context path '/'
2026-07-13 13:50:13.001 INFO  [restartedMain] c.m.editorial.EditorialApplication - Started EditorialApplication in 7.284 seconds (process running for 7.799)
2026-07-13 13:50:13.080 INFO  [restartedMain] c.m.editorial.EditorialApplication - EditorialApplication started successfully
2026-07-13 13:51:18.848 INFO  [http-nio-9097-exec-1] o.a.c.c.C.[Tomcat].[localhost].[/] - Initializing Spring DispatcherServlet 'dispatcherServlet'
2026-07-13 13:51:18.848 INFO  [http-nio-9097-exec-1] o.s.web.servlet.DispatcherServlet - Initializing Servlet 'dispatcherServlet'
2026-07-13 13:51:18.848 INFO  [http-nio-9097-exec-1] o.s.web.servlet.DispatcherServlet - Completed initialization in 0 ms
2026-07-13 13:51:20.822 WARN  [reactor-http-nio-2] c.m.e.client.NotificationClient - Failed to send notification: Connection refused: getsockopt: localhost/127.0.0.1:8085
2026-07-13 13:51:20.822 ERROR [reactor-http-nio-2] c.m.e.client.NotificationClient - Error sending notification to user 5: Connection refused: getsockopt: localhost/127.0.0.1:8085
2026-07-13 13:53:06.733 WARN  [reactor-http-nio-3] c.m.e.client.NotificationClient - Failed to send notification: Connection refused: getsockopt: localhost/127.0.0.1:8085
2026-07-13 13:53:06.733 ERROR [reactor-http-nio-3] c.m.e.client.NotificationClient - Error sending notification to user 1: Connection refused: getsockopt: localhost/127.0.0.1:8085
2026-07-13 14:04:52.314 INFO  [restartedMain] c.m.editorial.EditorialApplication - Starting EditorialApplication using Java 21.0.2 with PID 23144 (C:\MediaHub-Integrated\editorial\target\classes started by 2506595 in C:\MediaHub-Integrated\editorial)
2026-07-13 14:04:52.316 DEBUG [restartedMain] c.m.editorial.EditorialApplication - Running with Spring Boot v3.3.4, Spring v6.1.13
2026-07-13 14:04:52.317 INFO  [restartedMain] c.m.editorial.EditorialApplication - No active profile set, falling back to 1 default profile: "default"
2026-07-13 14:04:52.360 INFO  [restartedMain] o.s.b.d.e.DevToolsPropertyDefaultsPostProcessor - Devtools property defaults active! Set 'spring.devtools.add-properties' to 'false' to disable
2026-07-13 14:04:52.360 INFO  [restartedMain] o.s.b.d.e.DevToolsPropertyDefaultsPostProcessor - For additional web related logging consider setting the 'logging.level.web' property to 'DEBUG'
2026-07-13 14:04:53.568 INFO  [restartedMain] o.s.d.r.c.RepositoryConfigurationDelegate - Bootstrapping Spring Data JPA repositories in DEFAULT mode.
2026-07-13 14:04:53.723 INFO  [restartedMain] o.s.d.r.c.RepositoryConfigurationDelegate - Finished Spring Data repository scanning in 147 ms. Found 3 JPA repository interfaces.
2026-07-13 14:04:54.588 INFO  [restartedMain] o.s.b.w.e.tomcat.TomcatWebServer - Tomcat initialized with port 9097 (http)
2026-07-13 14:04:54.588 INFO  [restartedMain] o.a.coyote.http11.Http11NioProtocol - Initializing ProtocolHandler ["http-nio-9097"]
2026-07-13 14:04:54.604 INFO  [restartedMain] o.a.catalina.core.StandardService - Starting service [Tomcat]
2026-07-13 14:04:54.605 INFO  [restartedMain] o.a.catalina.core.StandardEngine - Starting Servlet engine: [Apache Tomcat/10.1.30]
2026-07-13 14:04:54.685 INFO  [restartedMain] o.a.c.c.C.[Tomcat].[localhost].[/] - Initializing Spring embedded WebApplicationContext
2026-07-13 14:04:54.686 INFO  [restartedMain] o.s.b.w.s.c.ServletWebServerApplicationContext - Root WebApplicationContext: initialization completed in 2325 ms
2026-07-13 14:04:54.848 DEBUG [restartedMain] c.m.editorial.security.JwtFilter - Filter 'jwtFilter' configured for use
2026-07-13 14:04:54.999 INFO  [restartedMain] o.h.jpa.internal.util.LogHelper - HHH000204: Processing PersistenceUnitInfo [name: default]
2026-07-13 14:04:55.085 INFO  [restartedMain] org.hibernate.Version - HHH000412: Hibernate ORM core version 6.5.3.Final
2026-07-13 14:04:55.135 INFO  [restartedMain] o.h.c.i.RegionFactoryInitiator - HHH000026: Second-level cache disabled
2026-07-13 14:04:55.427 INFO  [restartedMain] o.s.o.j.p.SpringPersistenceUnitInfo - No LoadTimeWeaver setup: ignoring JPA class transformer
2026-07-13 14:04:55.452 INFO  [restartedMain] com.zaxxer.hikari.HikariDataSource - HikariPool-1 - Starting...
2026-07-13 14:04:55.869 INFO  [restartedMain] com.zaxxer.hikari.pool.HikariPool - HikariPool-1 - Added connection com.mysql.cj.jdbc.ConnectionImpl@18aa79f1
2026-07-13 14:04:55.869 INFO  [restartedMain] com.zaxxer.hikari.HikariDataSource - HikariPool-1 - Start completed.
2026-07-13 14:04:56.835 INFO  [restartedMain] o.h.e.t.j.p.i.JtaPlatformInitiator - HHH000489: No JTA platform available (set 'hibernate.transaction.jta.platform' to enable JTA platform integration)
2026-07-13 14:04:56.936 INFO  [restartedMain] o.s.o.j.LocalContainerEntityManagerFactoryBean - Initialized JPA EntityManagerFactory for persistence unit 'default'
2026-07-13 14:04:57.581 WARN  [restartedMain] o.s.b.a.o.j.JpaBaseConfiguration$JpaWebConfiguration - spring.jpa.open-in-view is enabled by default. Therefore, database queries may be performed during view rendering. Explicitly configure spring.jpa.open-in-view to disable this warning
2026-07-13 14:04:57.656 WARN  [restartedMain] o.s.b.a.s.s.UserDetailsServiceAutoConfiguration - 

Using generated security password: 79c6df10-d982-4437-8333-c25872724f4c

This generated password is for development use only. Your security configuration must be updated before running your application in production.

2026-07-13 14:04:57.691 INFO  [restartedMain] o.s.s.c.a.a.c.InitializeUserDetailsBeanManagerConfigurer$InitializeUserDetailsManagerConfigurer - Global AuthenticationManager configured with UserDetailsService bean with name inMemoryUserDetailsManager
2026-07-13 14:04:58.165 INFO  [restartedMain] o.s.b.a.e.web.EndpointLinksResolver - Exposing 5 endpoints beneath base path '/actuator'
2026-07-13 14:04:58.769 INFO  [restartedMain] o.s.b.d.a.OptionalLiveReloadServer - LiveReload server is running on port 35729
2026-07-13 14:04:58.854 INFO  [restartedMain] o.a.coyote.http11.Http11NioProtocol - Starting ProtocolHandler ["http-nio-9097"]
2026-07-13 14:04:58.872 INFO  [restartedMain] o.s.b.w.e.tomcat.TomcatWebServer - Tomcat started on port 9097 (http) with context path '/'
2026-07-13 14:04:58.892 INFO  [restartedMain] c.m.editorial.EditorialApplication - Started EditorialApplication in 7.096 seconds (process running for 7.62)
2026-07-13 14:04:58.970 INFO  [restartedMain] c.m.editorial.EditorialApplication - EditorialApplication started successfully
2026-07-13 14:05:46.050 INFO  [http-nio-9097-exec-1] o.a.c.c.C.[Tomcat].[localhost].[/] - Initializing Spring DispatcherServlet 'dispatcherServlet'
2026-07-13 14:05:46.050 INFO  [http-nio-9097-exec-1] o.s.web.servlet.DispatcherServlet - Initializing Servlet 'dispatcherServlet'
2026-07-13 14:05:46.066 INFO  [http-nio-9097-exec-1] o.s.web.servlet.DispatcherServlet - Completed initialization in 16 ms
2026-07-13 15:16:05.715 INFO  [restartedMain] c.m.editorial.EditorialApplication - Starting EditorialApplication using Java 21.0.2 with PID 8120 (C:\MediaHub-Integrated\editorial\target\classes started by 2506595 in C:\MediaHub-Integrated\editorial)
2026-07-13 15:16:05.715 DEBUG [restartedMain] c.m.editorial.EditorialApplication - Running with Spring Boot v3.3.4, Spring v6.1.13
2026-07-13 15:16:05.715 INFO  [restartedMain] c.m.editorial.EditorialApplication - No active profile set, falling back to 1 default profile: "default"
2026-07-13 15:16:05.805 INFO  [restartedMain] o.s.b.d.e.DevToolsPropertyDefaultsPostProcessor - Devtools property defaults active! Set 'spring.devtools.add-properties' to 'false' to disable
2026-07-13 15:16:05.805 INFO  [restartedMain] o.s.b.d.e.DevToolsPropertyDefaultsPostProcessor - For additional web related logging consider setting the 'logging.level.web' property to 'DEBUG'
2026-07-13 15:16:08.141 INFO  [restartedMain] o.s.d.r.c.RepositoryConfigurationDelegate - Bootstrapping Spring Data JPA repositories in DEFAULT mode.
2026-07-13 15:16:08.589 INFO  [restartedMain] o.s.d.r.c.RepositoryConfigurationDelegate - Finished Spring Data repository scanning in 439 ms. Found 3 JPA repository interfaces.
2026-07-13 15:16:10.301 INFO  [restartedMain] o.s.b.w.e.tomcat.TomcatWebServer - Tomcat initialized with port 9097 (http)
2026-07-13 15:16:10.325 INFO  [restartedMain] o.a.coyote.http11.Http11NioProtocol - Initializing ProtocolHandler ["http-nio-9097"]
2026-07-13 15:16:10.328 INFO  [restartedMain] o.a.catalina.core.StandardService - Starting service [Tomcat]
2026-07-13 15:16:10.328 INFO  [restartedMain] o.a.catalina.core.StandardEngine - Starting Servlet engine: [Apache Tomcat/10.1.30]
2026-07-13 15:16:10.416 INFO  [restartedMain] o.a.c.c.C.[Tomcat].[localhost].[/] - Initializing Spring embedded WebApplicationContext
2026-07-13 15:16:10.416 INFO  [restartedMain] o.s.b.w.s.c.ServletWebServerApplicationContext - Root WebApplicationContext: initialization completed in 4611 ms
2026-07-13 15:16:10.741 DEBUG [restartedMain] c.m.editorial.security.JwtFilter - Filter 'jwtFilter' configured for use
2026-07-13 15:16:10.982 INFO  [restartedMain] o.h.jpa.internal.util.LogHelper - HHH000204: Processing PersistenceUnitInfo [name: default]
2026-07-13 15:16:11.091 INFO  [restartedMain] org.hibernate.Version - HHH000412: Hibernate ORM core version 6.5.3.Final
2026-07-13 15:16:11.163 INFO  [restartedMain] o.h.c.i.RegionFactoryInitiator - HHH000026: Second-level cache disabled
2026-07-13 15:16:11.937 INFO  [restartedMain] o.s.o.j.p.SpringPersistenceUnitInfo - No LoadTimeWeaver setup: ignoring JPA class transformer
2026-07-13 15:16:12.049 INFO  [restartedMain] com.zaxxer.hikari.HikariDataSource - HikariPool-1 - Starting...
2026-07-13 15:16:12.607 INFO  [restartedMain] com.zaxxer.hikari.pool.HikariPool - HikariPool-1 - Added connection com.mysql.cj.jdbc.ConnectionImpl@66b53da
2026-07-13 15:16:12.607 INFO  [restartedMain] com.zaxxer.hikari.HikariDataSource - HikariPool-1 - Start completed.
2026-07-13 15:16:15.042 INFO  [restartedMain] o.h.e.t.j.p.i.JtaPlatformInitiator - HHH000489: No JTA platform available (set 'hibernate.transaction.jta.platform' to enable JTA platform integration)
2026-07-13 15:16:15.132 INFO  [restartedMain] o.s.o.j.LocalContainerEntityManagerFactoryBean - Initialized JPA EntityManagerFactory for persistence unit 'default'
2026-07-13 15:16:16.321 WARN  [restartedMain] o.s.b.a.o.j.JpaBaseConfiguration$JpaWebConfiguration - spring.jpa.open-in-view is enabled by default. Therefore, database queries may be performed during view rendering. Explicitly configure spring.jpa.open-in-view to disable this warning
2026-07-13 15:16:16.373 WARN  [restartedMain] o.s.b.a.s.s.UserDetailsServiceAutoConfiguration - 

Using generated security password: 16600bc1-2759-47de-8743-b87beb7fa493

This generated password is for development use only. Your security configuration must be updated before running your application in production.

2026-07-13 15:16:16.404 INFO  [restartedMain] o.s.s.c.a.a.c.InitializeUserDetailsBeanManagerConfigurer$InitializeUserDetailsManagerConfigurer - Global AuthenticationManager configured with UserDetailsService bean with name inMemoryUserDetailsManager
2026-07-13 15:16:17.208 INFO  [restartedMain] o.s.b.a.e.web.EndpointLinksResolver - Exposing 5 endpoints beneath base path '/actuator'
2026-07-13 15:16:18.054 INFO  [restartedMain] o.s.b.d.a.OptionalLiveReloadServer - LiveReload server is running on port 35729
2026-07-13 15:16:18.134 INFO  [restartedMain] o.a.coyote.http11.Http11NioProtocol - Starting ProtocolHandler ["http-nio-9097"]
2026-07-13 15:16:18.177 INFO  [restartedMain] o.s.b.w.e.tomcat.TomcatWebServer - Tomcat started on port 9097 (http) with context path '/'
2026-07-13 15:16:18.204 INFO  [restartedMain] c.m.editorial.EditorialApplication - Started EditorialApplication in 13.624 seconds (process running for 14.626)
2026-07-13 15:16:18.321 INFO  [restartedMain] c.m.editorial.EditorialApplication - EditorialApplication started successfully
2026-07-13 15:16:24.622 INFO  [http-nio-9097-exec-2] o.a.c.c.C.[Tomcat].[localhost].[/] - Initializing Spring DispatcherServlet 'dispatcherServlet'
2026-07-13 15:16:24.622 INFO  [http-nio-9097-exec-2] o.s.web.servlet.DispatcherServlet - Initializing Servlet 'dispatcherServlet'
2026-07-13 15:16:24.622 INFO  [http-nio-9097-exec-2] o.s.web.servlet.DispatcherServlet - Completed initialization in 0 ms
2026-07-13 15:16:29.248 INFO  [reactor-http-nio-2] c.m.e.client.NotificationClient - Notification sent successfully
2026-07-13 15:30:35.425 INFO  [reactor-http-nio-3] c.m.e.client.NotificationClient - Notification sent successfully
2026-07-13 15:33:36.949 INFO  [SpringApplicationShutdownHook] o.s.o.j.LocalContainerEntityManagerFactoryBean - Closing JPA EntityManagerFactory for persistence unit 'default'
2026-07-13 15:33:36.954 INFO  [SpringApplicationShutdownHook] com.zaxxer.hikari.HikariDataSource - HikariPool-1 - Shutdown initiated...
2026-07-13 15:33:36.975 INFO  [SpringApplicationShutdownHook] com.zaxxer.hikari.HikariDataSource - HikariPool-1 - Shutdown completed.
2026-07-13 17:17:41.954 INFO  [restartedMain] c.m.editorial.EditorialApplication - Starting EditorialApplication using Java 21.0.2 with PID 32212 (C:\MediaHub-Integrated\editorial\target\classes started by 2506595 in C:\MediaHub-Integrated\editorial)
2026-07-13 17:17:41.954 DEBUG [restartedMain] c.m.editorial.EditorialApplication - Running with Spring Boot v3.3.4, Spring v6.1.13
2026-07-13 17:17:41.954 INFO  [restartedMain] c.m.editorial.EditorialApplication - No active profile set, falling back to 1 default profile: "default"
2026-07-13 17:17:42.072 INFO  [restartedMain] o.s.b.d.e.DevToolsPropertyDefaultsPostProcessor - Devtools property defaults active! Set 'spring.devtools.add-properties' to 'false' to disable
2026-07-13 17:17:42.072 INFO  [restartedMain] o.s.b.d.e.DevToolsPropertyDefaultsPostProcessor - For additional web related logging consider setting the 'logging.level.web' property to 'DEBUG'
2026-07-13 17:17:44.541 INFO  [restartedMain] o.s.d.r.c.RepositoryConfigurationDelegate - Bootstrapping Spring Data JPA repositories in DEFAULT mode.
2026-07-13 17:17:45.063 INFO  [restartedMain] o.s.d.r.c.RepositoryConfigurationDelegate - Finished Spring Data repository scanning in 493 ms. Found 3 JPA repository interfaces.
2026-07-13 17:17:46.645 INFO  [restartedMain] o.s.b.w.e.tomcat.TomcatWebServer - Tomcat initialized with port 9097 (http)
2026-07-13 17:17:46.662 INFO  [restartedMain] o.a.coyote.http11.Http11NioProtocol - Initializing ProtocolHandler ["http-nio-9097"]
2026-07-13 17:17:46.673 INFO  [restartedMain] o.a.catalina.core.StandardService - Starting service [Tomcat]
2026-07-13 17:17:46.673 INFO  [restartedMain] o.a.catalina.core.StandardEngine - Starting Servlet engine: [Apache Tomcat/10.1.30]
2026-07-13 17:17:46.785 INFO  [restartedMain] o.a.c.c.C.[Tomcat].[localhost].[/] - Initializing Spring embedded WebApplicationContext
2026-07-13 17:17:46.787 INFO  [restartedMain] o.s.b.w.s.c.ServletWebServerApplicationContext - Root WebApplicationContext: initialization completed in 4715 ms
2026-07-13 17:17:47.141 DEBUG [restartedMain] c.m.editorial.security.JwtFilter - Filter 'jwtFilter' configured for use
2026-07-13 17:17:47.423 INFO  [restartedMain] o.h.jpa.internal.util.LogHelper - HHH000204: Processing PersistenceUnitInfo [name: default]
2026-07-13 17:17:47.582 INFO  [restartedMain] org.hibernate.Version - HHH000412: Hibernate ORM core version 6.5.3.Final
2026-07-13 17:17:47.677 INFO  [restartedMain] o.h.c.i.RegionFactoryInitiator - HHH000026: Second-level cache disabled
2026-07-13 17:17:48.360 INFO  [restartedMain] o.s.o.j.p.SpringPersistenceUnitInfo - No LoadTimeWeaver setup: ignoring JPA class transformer
2026-07-13 17:17:48.479 INFO  [restartedMain] com.zaxxer.hikari.HikariDataSource - HikariPool-1 - Starting...
2026-07-13 17:17:49.108 INFO  [restartedMain] com.zaxxer.hikari.pool.HikariPool - HikariPool-1 - Added connection com.mysql.cj.jdbc.ConnectionImpl@563540d6
2026-07-13 17:17:49.111 INFO  [restartedMain] com.zaxxer.hikari.HikariDataSource - HikariPool-1 - Start completed.
2026-07-13 17:17:51.112 INFO  [restartedMain] o.h.e.t.j.p.i.JtaPlatformInitiator - HHH000489: No JTA platform available (set 'hibernate.transaction.jta.platform' to enable JTA platform integration)
2026-07-13 17:17:51.216 INFO  [restartedMain] o.s.o.j.LocalContainerEntityManagerFactoryBean - Initialized JPA EntityManagerFactory for persistence unit 'default'
2026-07-13 17:17:52.488 WARN  [restartedMain] o.s.b.a.o.j.JpaBaseConfiguration$JpaWebConfiguration - spring.jpa.open-in-view is enabled by default. Therefore, database queries may be performed during view rendering. Explicitly configure spring.jpa.open-in-view to disable this warning
2026-07-13 17:17:52.552 WARN  [restartedMain] o.s.b.a.s.s.UserDetailsServiceAutoConfiguration - 

Using generated security password: 0e5d26b7-89ff-436d-aa99-ada8c042852d

This generated password is for development use only. Your security configuration must be updated before running your application in production.

2026-07-13 17:17:52.602 INFO  [restartedMain] o.s.s.c.a.a.c.InitializeUserDetailsBeanManagerConfigurer$InitializeUserDetailsManagerConfigurer - Global AuthenticationManager configured with UserDetailsService bean with name inMemoryUserDetailsManager
2026-07-13 17:17:53.511 INFO  [restartedMain] o.s.b.a.e.web.EndpointLinksResolver - Exposing 5 endpoints beneath base path '/actuator'
2026-07-13 17:17:54.582 INFO  [restartedMain] o.s.b.d.a.OptionalLiveReloadServer - LiveReload server is running on port 35729
2026-07-13 17:17:54.671 INFO  [restartedMain] o.a.coyote.http11.Http11NioProtocol - Starting ProtocolHandler ["http-nio-9097"]
2026-07-13 17:17:54.695 INFO  [restartedMain] o.s.b.w.e.tomcat.TomcatWebServer - Tomcat started on port 9097 (http) with context path '/'
2026-07-13 17:17:54.713 INFO  [restartedMain] c.m.editorial.EditorialApplication - Started EditorialApplication in 14.058 seconds (process running for 15.236)
2026-07-13 17:17:54.819 INFO  [restartedMain] c.m.editorial.EditorialApplication - EditorialApplication started successfully
2026-07-13 17:34:36.497 INFO  [http-nio-9097-exec-1] o.a.c.c.C.[Tomcat].[localhost].[/] - Initializing Spring DispatcherServlet 'dispatcherServlet'
2026-07-13 17:34:36.505 INFO  [http-nio-9097-exec-1] o.s.web.servlet.DispatcherServlet - Initializing Servlet 'dispatcherServlet'
2026-07-13 17:34:36.513 INFO  [http-nio-9097-exec-1] o.s.web.servlet.DispatcherServlet - Completed initialization in 8 ms
2026-07-13 17:36:45.640 INFO  [reactor-http-nio-2] c.m.e.client.NotificationClient - Notification sent successfully
2026-07-13 17:37:30.872 INFO  [reactor-http-nio-2] c.m.e.client.NotificationClient - Notification sent successfully
2026-07-13 17:40:46.122 INFO  [SpringApplicationShutdownHook] o.s.o.j.LocalContainerEntityManagerFactoryBean - Closing JPA EntityManagerFactory for persistence unit 'default'
2026-07-13 17:40:46.129 INFO  [SpringApplicationShutdownHook] com.zaxxer.hikari.HikariDataSource - HikariPool-1 - Shutdown initiated...
2026-07-13 17:40:46.164 INFO  [SpringApplicationShutdownHook] com.zaxxer.hikari.HikariDataSource - HikariPool-1 - Shutdown completed.
2026-07-16 15:26:57.541 INFO  [restartedMain] c.m.editorial.EditorialApplication - Starting EditorialApplication using Java 21.0.2 with PID 7592 (C:\Users\2506597\Downloads\MediaHub_Final_Clean\MediaHub-Integrated_eurekaserver_apigateway\MediaHub-Integrated\editorial\target\classes started by 2506597 in C:\Users\2506597\Downloads\MediaHub_Final_Clean\MediaHub-Integrated_eurekaserver_apigateway\MediaHub-Integrated\editorial)
2026-07-16 15:26:57.543 DEBUG [restartedMain] c.m.editorial.EditorialApplication - Running with Spring Boot v3.3.4, Spring v6.1.13
2026-07-16 15:26:57.544 INFO  [restartedMain] c.m.editorial.EditorialApplication - No active profile set, falling back to 1 default profile: "default"
2026-07-16 15:26:57.632 INFO  [restartedMain] o.s.b.d.e.DevToolsPropertyDefaultsPostProcessor - Devtools property defaults active! Set 'spring.devtools.add-properties' to 'false' to disable
2026-07-16 15:26:57.633 INFO  [restartedMain] o.s.b.d.e.DevToolsPropertyDefaultsPostProcessor - For additional web related logging consider setting the 'logging.level.web' property to 'DEBUG'
2026-07-16 15:27:00.075 INFO  [restartedMain] o.s.d.r.c.RepositoryConfigurationDelegate - Bootstrapping Spring Data JPA repositories in DEFAULT mode.
2026-07-16 15:27:00.361 INFO  [restartedMain] o.s.d.r.c.RepositoryConfigurationDelegate - Finished Spring Data repository scanning in 264 ms. Found 3 JPA repository interfaces.
2026-07-16 15:27:00.884 INFO  [restartedMain] o.s.cloud.context.scope.GenericScope - BeanFactory id=26bb47c5-9770-37cc-914b-dd74c318221b
2026-07-16 15:27:01.500 WARN  [restartedMain] o.s.c.s.PostProcessorRegistrationDelegate$BeanPostProcessorChecker - Bean 'org.springframework.cloud.client.loadbalancer.LoadBalancerAutoConfiguration$DeferringLoadBalancerInterceptorConfig' of type [org.springframework.cloud.client.loadbalancer.LoadBalancerAutoConfiguration$DeferringLoadBalancerInterceptorConfig] is not eligible for getting processed by all BeanPostProcessors (for example: not eligible for auto-proxying). The currently created BeanPostProcessor [lbRestClientPostProcessor] is declared through a non-static factory method on that class; consider declaring it as static instead.
2026-07-16 15:27:01.505 WARN  [restartedMain] o.s.c.s.PostProcessorRegistrationDelegate$BeanPostProcessorChecker - Bean 'deferringLoadBalancerInterceptor' of type [org.springframework.cloud.client.loadbalancer.DeferringLoadBalancerInterceptor] is not eligible for getting processed by all BeanPostProcessors (for example: not eligible for auto-proxying). Is this bean getting eagerly injected into a currently created BeanPostProcessor [lbRestClientPostProcessor]? Check the corresponding BeanPostProcessor declaration and its dependencies.
2026-07-16 15:27:01.512 WARN  [restartedMain] o.s.c.s.PostProcessorRegistrationDelegate$BeanPostProcessorChecker - Bean 'org.springframework.cloud.client.loadbalancer.reactive.LoadBalancerBeanPostProcessorAutoConfiguration' of type [org.springframework.cloud.client.loadbalancer.reactive.LoadBalancerBeanPostProcessorAutoConfiguration] is not eligible for getting processed by all BeanPostProcessors (for example: not eligible for auto-proxying). The currently created BeanPostProcessor [loadBalancerWebClientBuilderBeanPostProcessor] is declared through a non-static factory method on that class; consider declaring it as static instead.
2026-07-16 15:27:01.516 WARN  [restartedMain] o.s.c.s.PostProcessorRegistrationDelegate$BeanPostProcessorChecker - Bean 'org.springframework.cloud.client.loadbalancer.reactive.LoadBalancerBeanPostProcessorAutoConfiguration$ReactorDeferringLoadBalancerFilterConfig' of type [org.springframework.cloud.client.loadbalancer.reactive.LoadBalancerBeanPostProcessorAutoConfiguration$ReactorDeferringLoadBalancerFilterConfig] is not eligible for getting processed by all BeanPostProcessors (for example: not eligible for auto-proxying). Is this bean getting eagerly injected into a currently created BeanPostProcessor [loadBalancerWebClientBuilderBeanPostProcessor]? Check the corresponding BeanPostProcessor declaration and its dependencies.
2026-07-16 15:27:01.520 WARN  [restartedMain] o.s.c.s.PostProcessorRegistrationDelegate$BeanPostProcessorChecker - Bean 'reactorDeferringLoadBalancerExchangeFilterFunction' of type [org.springframework.cloud.client.loadbalancer.reactive.DeferringLoadBalancerExchangeFilterFunction] is not eligible for getting processed by all BeanPostProcessors (for example: not eligible for auto-proxying). Is this bean getting eagerly injected into a currently created BeanPostProcessor [loadBalancerWebClientBuilderBeanPostProcessor]? Check the corresponding BeanPostProcessor declaration and its dependencies.
2026-07-16 15:27:02.403 INFO  [restartedMain] o.s.b.w.e.tomcat.TomcatWebServer - Tomcat initialized with port 9097 (http)
2026-07-16 15:27:02.422 INFO  [restartedMain] o.a.coyote.http11.Http11NioProtocol - Initializing ProtocolHandler ["http-nio-9097"]
2026-07-16 15:27:02.427 INFO  [restartedMain] o.a.catalina.core.StandardService - Starting service [Tomcat]
2026-07-16 15:27:02.429 INFO  [restartedMain] o.a.catalina.core.StandardEngine - Starting Servlet engine: [Apache Tomcat/10.1.30]
2026-07-16 15:27:02.543 INFO  [restartedMain] o.a.c.c.C.[Tomcat].[localhost].[/] - Initializing Spring embedded WebApplicationContext
2026-07-16 15:27:02.544 INFO  [restartedMain] o.s.b.w.s.c.ServletWebServerApplicationContext - Root WebApplicationContext: initialization completed in 4910 ms
2026-07-16 15:27:02.988 DEBUG [restartedMain] c.m.editorial.security.JwtFilter - Filter 'jwtFilter' configured for use
2026-07-16 15:27:03.277 INFO  [restartedMain] o.h.jpa.internal.util.LogHelper - HHH000204: Processing PersistenceUnitInfo [name: default]
2026-07-16 15:27:03.430 INFO  [restartedMain] org.hibernate.Version - HHH000412: Hibernate ORM core version 6.5.3.Final
2026-07-16 15:27:03.512 INFO  [restartedMain] o.h.c.i.RegionFactoryInitiator - HHH000026: Second-level cache disabled
2026-07-16 15:27:04.045 INFO  [restartedMain] o.s.o.j.p.SpringPersistenceUnitInfo - No LoadTimeWeaver setup: ignoring JPA class transformer
2026-07-16 15:27:04.098 INFO  [restartedMain] com.zaxxer.hikari.HikariDataSource - HikariPool-1 - Starting...
2026-07-16 15:27:05.535 WARN  [restartedMain] o.h.e.jdbc.spi.SqlExceptionHelper - SQL Error: 1049, SQLState: 42000
2026-07-16 15:27:05.535 ERROR [restartedMain] o.h.e.jdbc.spi.SqlExceptionHelper - Unknown database 'editorial_db'
2026-07-16 15:27:05.537 WARN  [restartedMain] o.h.e.j.e.i.JdbcEnvironmentInitiator - HHH000342: Could not obtain connection to query metadata
org.hibernate.exception.SQLGrammarException: unable to obtain isolated JDBC connection [Unknown database 'editorial_db'] [n/a]
	at org.hibernate.exception.internal.SQLStateConversionDelegate.convert(SQLStateConversionDelegate.java:91)
	at org.hibernate.exception.internal.StandardSQLExceptionConverter.convert(StandardSQLExceptionConverter.java:58)
	at org.hibernate.engine.jdbc.spi.SqlExceptionHelper.convert(SqlExceptionHelper.java:108)
	at org.hibernate.engine.jdbc.spi.SqlExceptionHelper.convert(SqlExceptionHelper.java:94)
	at org.hibernate.resource.transaction.backend.jdbc.internal.JdbcIsolationDelegate.delegateWork(JdbcIsolationDelegate.java:116)
	at org.hibernate.engine.jdbc.env.internal.JdbcEnvironmentInitiator.getJdbcEnvironmentUsingJdbcMetadata(JdbcEnvironmentInitiator.java:292)
	at org.hibernate.engine.jdbc.env.internal.JdbcEnvironmentInitiator.initiateService(JdbcEnvironmentInitiator.java:124)
	at org.hibernate.engine.jdbc.env.internal.JdbcEnvironmentInitiator.initiateService(JdbcEnvironmentInitiator.java:78)
	at org.hibernate.boot.registry.internal.StandardServiceRegistryImpl.initiateService(StandardServiceRegistryImpl.java:130)
	at org.hibernate.service.internal.AbstractServiceRegistryImpl.createService(AbstractServiceRegistryImpl.java:263)
	at org.hibernate.service.internal.AbstractServiceRegistryImpl.initializeService(AbstractServiceRegistryImpl.java:238)
	at org.hibernate.service.internal.AbstractServiceRegistryImpl.getService(AbstractServiceRegistryImpl.java:215)
	at org.hibernate.boot.model.relational.Database.<init>(Database.java:45)
	at org.hibernate.boot.internal.InFlightMetadataCollectorImpl.getDatabase(InFlightMetadataCollectorImpl.java:221)
	at org.hibernate.boot.internal.InFlightMetadataCollectorImpl.<init>(InFlightMetadataCollectorImpl.java:189)
	at org.hibernate.boot.model.process.spi.MetadataBuildingProcess.complete(MetadataBuildingProcess.java:171)
	at org.hibernate.jpa.boot.internal.EntityManagerFactoryBuilderImpl.metadata(EntityManagerFactoryBuilderImpl.java:1431)
	at org.hibernate.jpa.boot.internal.EntityManagerFactoryBuilderImpl.build(EntityManagerFactoryBuilderImpl.java:1502)
	at org.springframework.orm.jpa.vendor.SpringHibernateJpaPersistenceProvider.createContainerEntityManagerFactory(SpringHibernateJpaPersistenceProvider.java:75)
	at org.springframework.orm.jpa.LocalContainerEntityManagerFactoryBean.createNativeEntityManagerFactory(LocalContainerEntityManagerFactoryBean.java:390)
	at org.springframework.orm.jpa.AbstractEntityManagerFactoryBean.buildNativeEntityManagerFactory(AbstractEntityManagerFactoryBean.java:409)
	at org.springframework.orm.jpa.AbstractEntityManagerFactoryBean.afterPropertiesSet(AbstractEntityManagerFactoryBean.java:396)
	at org.springframework.orm.jpa.LocalContainerEntityManagerFactoryBean.afterPropertiesSet(LocalContainerEntityManagerFactoryBean.java:366)
	at org.springframework.beans.factory.support.AbstractAutowireCapableBeanFactory.invokeInitMethods(AbstractAutowireCapableBeanFactory.java:1853)
	at org.springframework.beans.factory.support.AbstractAutowireCapableBeanFactory.initializeBean(AbstractAutowireCapableBeanFactory.java:1802)
	at org.springframework.beans.factory.support.AbstractAutowireCapableBeanFactory.doCreateBean(AbstractAutowireCapableBeanFactory.java:600)
	at org.springframework.beans.factory.support.AbstractAutowireCapableBeanFactory.createBean(AbstractAutowireCapableBeanFactory.java:522)
	at org.springframework.beans.factory.support.AbstractBeanFactory.lambda$doGetBean$0(AbstractBeanFactory.java:337)
	at org.springframework.beans.factory.support.DefaultSingletonBeanRegistry.getSingleton(DefaultSingletonBeanRegistry.java:234)
	at org.springframework.beans.factory.support.AbstractBeanFactory.doGetBean(AbstractBeanFactory.java:335)
	at org.springframework.beans.factory.support.AbstractBeanFactory.getBean(AbstractBeanFactory.java:205)
	at org.springframework.context.support.AbstractApplicationContext.finishBeanFactoryInitialization(AbstractApplicationContext.java:954)
	at org.springframework.context.support.AbstractApplicationContext.refresh(AbstractApplicationContext.java:625)
	at org.springframework.boot.web.servlet.context.ServletWebServerApplicationContext.refresh(ServletWebServerApplicationContext.java:146)
	at org.springframework.boot.SpringApplication.refresh(SpringApplication.java:754)
	at org.springframework.boot.SpringApplication.refreshContext(SpringApplication.java:456)
	at org.springframework.boot.SpringApplication.run(SpringApplication.java:335)
	at org.springframework.boot.SpringApplication.run(SpringApplication.java:1363)
	at org.springframework.boot.SpringApplication.run(SpringApplication.java:1352)
	at com.mediahub.editorial.EditorialApplication.main(EditorialApplication.java:15)
	at java.base/jdk.internal.reflect.DirectMethodHandleAccessor.invoke(DirectMethodHandleAccessor.java:103)
	at java.base/java.lang.reflect.Method.invoke(Method.java:580)
	at org.springframework.boot.devtools.restart.RestartLauncher.run(RestartLauncher.java:50)
Caused by: java.sql.SQLSyntaxErrorException: Unknown database 'editorial_db'
	at com.mysql.cj.jdbc.exceptions.SQLError.createSQLException(SQLError.java:121)
	at com.mysql.cj.jdbc.exceptions.SQLExceptionsMapping.translateException(SQLExceptionsMapping.java:122)
	at com.mysql.cj.jdbc.ConnectionImpl.createNewIO(ConnectionImpl.java:815)
	at com.mysql.cj.jdbc.ConnectionImpl.<init>(ConnectionImpl.java:438)
	at com.mysql.cj.jdbc.ConnectionImpl.getInstance(ConnectionImpl.java:241)
	at com.mysql.cj.jdbc.NonRegisteringDriver.connect(NonRegisteringDriver.java:189)
	at com.zaxxer.hikari.util.DriverDataSource.getConnection(DriverDataSource.java:137)
	at com.zaxxer.hikari.pool.PoolBase.newConnection(PoolBase.java:360)
	at com.zaxxer.hikari.pool.PoolBase.newPoolEntry(PoolBase.java:202)
	at com.zaxxer.hikari.pool.HikariPool.createPoolEntry(HikariPool.java:461)
	at com.zaxxer.hikari.pool.HikariPool.checkFailFast(HikariPool.java:550)
	at com.zaxxer.hikari.pool.HikariPool.<init>(HikariPool.java:98)
	at com.zaxxer.hikari.HikariDataSource.getConnection(HikariDataSource.java:111)
	at org.hibernate.engine.jdbc.connections.internal.DatasourceConnectionProviderImpl.getConnection(DatasourceConnectionProviderImpl.java:122)
	at org.hibernate.engine.jdbc.env.internal.JdbcEnvironmentInitiator$ConnectionProviderJdbcConnectionAccess.obtainConnection(JdbcEnvironmentInitiator.java:439)
	at org.hibernate.resource.transaction.backend.jdbc.internal.JdbcIsolationDelegate.delegateWork(JdbcIsolationDelegate.java:61)
	... 38 common frames omitted
2026-07-16 15:27:05.541 ERROR [restartedMain] o.s.o.j.LocalContainerEntityManagerFactoryBean - Failed to initialize JPA EntityManagerFactory: Unable to create requested service [org.hibernate.engine.jdbc.env.spi.JdbcEnvironment] due to: Unable to determine Dialect without JDBC metadata (please set 'jakarta.persistence.jdbc.url' for common cases or 'hibernate.dialect' when a custom Dialect implementation must be provided)
2026-07-16 15:27:05.542 WARN  [restartedMain] o.s.b.w.s.c.AnnotationConfigServletWebServerApplicationContext - Exception encountered during context initialization - cancelling refresh attempt: org.springframework.beans.factory.BeanCreationException: Error creating bean with name 'entityManagerFactory' defined in class path resource [org/springframework/boot/autoconfigure/orm/jpa/HibernateJpaConfiguration.class]: Unable to create requested service [org.hibernate.engine.jdbc.env.spi.JdbcEnvironment] due to: Unable to determine Dialect without JDBC metadata (please set 'jakarta.persistence.jdbc.url' for common cases or 'hibernate.dialect' when a custom Dialect implementation must be provided)
2026-07-16 15:27:05.553 INFO  [restartedMain] o.a.catalina.core.StandardService - Stopping service [Tomcat]
2026-07-16 15:27:05.587 INFO  [restartedMain] o.s.b.a.l.ConditionEvaluationReportLogger - 

Error starting ApplicationContext. To display the condition evaluation report re-run your application with 'debug' enabled.
2026-07-16 15:27:05.646 ERROR [restartedMain] o.s.boot.SpringApplication - Application run failed
org.springframework.beans.factory.BeanCreationException: Error creating bean with name 'entityManagerFactory' defined in class path resource [org/springframework/boot/autoconfigure/orm/jpa/HibernateJpaConfiguration.class]: Unable to create requested service [org.hibernate.engine.jdbc.env.spi.JdbcEnvironment] due to: Unable to determine Dialect without JDBC metadata (please set 'jakarta.persistence.jdbc.url' for common cases or 'hibernate.dialect' when a custom Dialect implementation must be provided)
	at org.springframework.beans.factory.support.AbstractAutowireCapableBeanFactory.initializeBean(AbstractAutowireCapableBeanFactory.java:1806)
	at org.springframework.beans.factory.support.AbstractAutowireCapableBeanFactory.doCreateBean(AbstractAutowireCapableBeanFactory.java:600)
	at org.springframework.beans.factory.support.AbstractAutowireCapableBeanFactory.createBean(AbstractAutowireCapableBeanFactory.java:522)
	at org.springframework.beans.factory.support.AbstractBeanFactory.lambda$doGetBean$0(AbstractBeanFactory.java:337)
	at org.springframework.beans.factory.support.DefaultSingletonBeanRegistry.getSingleton(DefaultSingletonBeanRegistry.java:234)
	at org.springframework.beans.factory.support.AbstractBeanFactory.doGetBean(AbstractBeanFactory.java:335)
	at org.springframework.beans.factory.support.AbstractBeanFactory.getBean(AbstractBeanFactory.java:205)
	at org.springframework.context.support.AbstractApplicationContext.finishBeanFactoryInitialization(AbstractApplicationContext.java:954)
	at org.springframework.context.support.AbstractApplicationContext.refresh(AbstractApplicationContext.java:625)
	at org.springframework.boot.web.servlet.context.ServletWebServerApplicationContext.refresh(ServletWebServerApplicationContext.java:146)
	at org.springframework.boot.SpringApplication.refresh(SpringApplication.java:754)
	at org.springframework.boot.SpringApplication.refreshContext(SpringApplication.java:456)
	at org.springframework.boot.SpringApplication.run(SpringApplication.java:335)
	at org.springframework.boot.SpringApplication.run(SpringApplication.java:1363)
	at org.springframework.boot.SpringApplication.run(SpringApplication.java:1352)
	at com.mediahub.editorial.EditorialApplication.main(EditorialApplication.java:15)
	at java.base/jdk.internal.reflect.DirectMethodHandleAccessor.invoke(DirectMethodHandleAccessor.java:103)
	at java.base/java.lang.reflect.Method.invoke(Method.java:580)
	at org.springframework.boot.devtools.restart.RestartLauncher.run(RestartLauncher.java:50)
Caused by: org.hibernate.service.spi.ServiceException: Unable to create requested service [org.hibernate.engine.jdbc.env.spi.JdbcEnvironment] due to: Unable to determine Dialect without JDBC metadata (please set 'jakarta.persistence.jdbc.url' for common cases or 'hibernate.dialect' when a custom Dialect implementation must be provided)
	at org.hibernate.service.internal.AbstractServiceRegistryImpl.createService(AbstractServiceRegistryImpl.java:276)
	at org.hibernate.service.internal.AbstractServiceRegistryImpl.initializeService(AbstractServiceRegistryImpl.java:238)
	at org.hibernate.service.internal.AbstractServiceRegistryImpl.getService(AbstractServiceRegistryImpl.java:215)
	at org.hibernate.boot.model.relational.Database.<init>(Database.java:45)
	at org.hibernate.boot.internal.InFlightMetadataCollectorImpl.getDatabase(InFlightMetadataCollectorImpl.java:221)
	at org.hibernate.boot.internal.InFlightMetadataCollectorImpl.<init>(InFlightMetadataCollectorImpl.java:189)
	at org.hibernate.boot.model.process.spi.MetadataBuildingProcess.complete(MetadataBuildingProcess.java:171)
	at org.hibernate.jpa.boot.internal.EntityManagerFactoryBuilderImpl.metadata(EntityManagerFactoryBuilderImpl.java:1431)
	at org.hibernate.jpa.boot.internal.EntityManagerFactoryBuilderImpl.build(EntityManagerFactoryBuilderImpl.java:1502)
	at org.springframework.orm.jpa.vendor.SpringHibernateJpaPersistenceProvider.createContainerEntityManagerFactory(SpringHibernateJpaPersistenceProvider.java:75)
	at org.springframework.orm.jpa.LocalContainerEntityManagerFactoryBean.createNativeEntityManagerFactory(LocalContainerEntityManagerFactoryBean.java:390)
	at org.springframework.orm.jpa.AbstractEntityManagerFactoryBean.buildNativeEntityManagerFactory(AbstractEntityManagerFactoryBean.java:409)
	at org.springframework.orm.jpa.AbstractEntityManagerFactoryBean.afterPropertiesSet(AbstractEntityManagerFactoryBean.java:396)
	at org.springframework.orm.jpa.LocalContainerEntityManagerFactoryBean.afterPropertiesSet(LocalContainerEntityManagerFactoryBean.java:366)
	at org.springframework.beans.factory.support.AbstractAutowireCapableBeanFactory.invokeInitMethods(AbstractAutowireCapableBeanFactory.java:1853)
	at org.springframework.beans.factory.support.AbstractAutowireCapableBeanFactory.initializeBean(AbstractAutowireCapableBeanFactory.java:1802)
	... 18 common frames omitted
Caused by: org.hibernate.HibernateException: Unable to determine Dialect without JDBC metadata (please set 'jakarta.persistence.jdbc.url' for common cases or 'hibernate.dialect' when a custom Dialect implementation must be provided)
	at org.hibernate.engine.jdbc.dialect.internal.DialectFactoryImpl.determineDialect(DialectFactoryImpl.java:191)
	at org.hibernate.engine.jdbc.dialect.internal.DialectFactoryImpl.buildDialect(DialectFactoryImpl.java:87)
	at org.hibernate.engine.jdbc.env.internal.JdbcEnvironmentInitiator.getJdbcEnvironmentWithDefaults(JdbcEnvironmentInitiator.java:153)
	at org.hibernate.engine.jdbc.env.internal.JdbcEnvironmentInitiator.getJdbcEnvironmentUsingJdbcMetadata(JdbcEnvironmentInitiator.java:364)
	at org.hibernate.engine.jdbc.env.internal.JdbcEnvironmentInitiator.initiateService(JdbcEnvironmentInitiator.java:124)
	at org.hibernate.engine.jdbc.env.internal.JdbcEnvironmentInitiator.initiateService(JdbcEnvironmentInitiator.java:78)
	at org.hibernate.boot.registry.internal.StandardServiceRegistryImpl.initiateService(StandardServiceRegistryImpl.java:130)
	at org.hibernate.service.internal.AbstractServiceRegistryImpl.createService(AbstractServiceRegistryImpl.java:263)
	... 33 common frames omitted
2026-07-16 15:28:11.425 INFO  [restartedMain] c.m.editorial.EditorialApplication - Starting EditorialApplication using Java 21.0.2 with PID 2160 (C:\Users\2506597\Downloads\MediaHub_Final_Clean\MediaHub-Integrated_eurekaserver_apigateway\MediaHub-Integrated\editorial\target\classes started by 2506597 in C:\Users\2506597\Downloads\MediaHub_Final_Clean\MediaHub-Integrated_eurekaserver_apigateway\MediaHub-Integrated\editorial)
2026-07-16 15:28:11.427 DEBUG [restartedMain] c.m.editorial.EditorialApplication - Running with Spring Boot v3.3.4, Spring v6.1.13
2026-07-16 15:28:11.428 INFO  [restartedMain] c.m.editorial.EditorialApplication - No active profile set, falling back to 1 default profile: "default"
2026-07-16 15:28:11.491 INFO  [restartedMain] o.s.b.d.e.DevToolsPropertyDefaultsPostProcessor - Devtools property defaults active! Set 'spring.devtools.add-properties' to 'false' to disable
2026-07-16 15:28:11.492 INFO  [restartedMain] o.s.b.d.e.DevToolsPropertyDefaultsPostProcessor - For additional web related logging consider setting the 'logging.level.web' property to 'DEBUG'
2026-07-16 15:28:13.577 INFO  [restartedMain] o.s.d.r.c.RepositoryConfigurationDelegate - Bootstrapping Spring Data JPA repositories in DEFAULT mode.
2026-07-16 15:28:13.866 INFO  [restartedMain] o.s.d.r.c.RepositoryConfigurationDelegate - Finished Spring Data repository scanning in 272 ms. Found 3 JPA repository interfaces.
2026-07-16 15:28:14.339 INFO  [restartedMain] o.s.cloud.context.scope.GenericScope - BeanFactory id=26bb47c5-9770-37cc-914b-dd74c318221b
2026-07-16 15:28:14.765 WARN  [restartedMain] o.s.c.s.PostProcessorRegistrationDelegate$BeanPostProcessorChecker - Bean 'org.springframework.cloud.client.loadbalancer.LoadBalancerAutoConfiguration$DeferringLoadBalancerInterceptorConfig' of type [org.springframework.cloud.client.loadbalancer.LoadBalancerAutoConfiguration$DeferringLoadBalancerInterceptorConfig] is not eligible for getting processed by all BeanPostProcessors (for example: not eligible for auto-proxying). The currently created BeanPostProcessor [lbRestClientPostProcessor] is declared through a non-static factory method on that class; consider declaring it as static instead.
2026-07-16 15:28:14.769 WARN  [restartedMain] o.s.c.s.PostProcessorRegistrationDelegate$BeanPostProcessorChecker - Bean 'deferringLoadBalancerInterceptor' of type [org.springframework.cloud.client.loadbalancer.DeferringLoadBalancerInterceptor] is not eligible for getting processed by all BeanPostProcessors (for example: not eligible for auto-proxying). Is this bean getting eagerly injected into a currently created BeanPostProcessor [lbRestClientPostProcessor]? Check the corresponding BeanPostProcessor declaration and its dependencies.
2026-07-16 15:28:14.781 WARN  [restartedMain] o.s.c.s.PostProcessorRegistrationDelegate$BeanPostProcessorChecker - Bean 'org.springframework.cloud.client.loadbalancer.reactive.LoadBalancerBeanPostProcessorAutoConfiguration' of type [org.springframework.cloud.client.loadbalancer.reactive.LoadBalancerBeanPostProcessorAutoConfiguration] is not eligible for getting processed by all BeanPostProcessors (for example: not eligible for auto-proxying). The currently created BeanPostProcessor [loadBalancerWebClientBuilderBeanPostProcessor] is declared through a non-static factory method on that class; consider declaring it as static instead.
2026-07-16 15:28:14.784 WARN  [restartedMain] o.s.c.s.PostProcessorRegistrationDelegate$BeanPostProcessorChecker - Bean 'org.springframework.cloud.client.loadbalancer.reactive.LoadBalancerBeanPostProcessorAutoConfiguration$ReactorDeferringLoadBalancerFilterConfig' of type [org.springframework.cloud.client.loadbalancer.reactive.LoadBalancerBeanPostProcessorAutoConfiguration$ReactorDeferringLoadBalancerFilterConfig] is not eligible for getting processed by all BeanPostProcessors (for example: not eligible for auto-proxying). Is this bean getting eagerly injected into a currently created BeanPostProcessor [loadBalancerWebClientBuilderBeanPostProcessor]? Check the corresponding BeanPostProcessor declaration and its dependencies.
2026-07-16 15:28:14.788 WARN  [restartedMain] o.s.c.s.PostProcessorRegistrationDelegate$BeanPostProcessorChecker - Bean 'reactorDeferringLoadBalancerExchangeFilterFunction' of type [org.springframework.cloud.client.loadbalancer.reactive.DeferringLoadBalancerExchangeFilterFunction] is not eligible for getting processed by all BeanPostProcessors (for example: not eligible for auto-proxying). Is this bean getting eagerly injected into a currently created BeanPostProcessor [loadBalancerWebClientBuilderBeanPostProcessor]? Check the corresponding BeanPostProcessor declaration and its dependencies.
2026-07-16 15:28:15.509 INFO  [restartedMain] o.s.b.w.e.tomcat.TomcatWebServer - Tomcat initialized with port 9097 (http)
2026-07-16 15:28:15.521 INFO  [restartedMain] o.a.coyote.http11.Http11NioProtocol - Initializing ProtocolHandler ["http-nio-9097"]
2026-07-16 15:28:15.528 INFO  [restartedMain] o.a.catalina.core.StandardService - Starting service [Tomcat]
2026-07-16 15:28:15.529 INFO  [restartedMain] o.a.catalina.core.StandardEngine - Starting Servlet engine: [Apache Tomcat/10.1.30]
2026-07-16 15:28:15.660 INFO  [restartedMain] o.a.c.c.C.[Tomcat].[localhost].[/] - Initializing Spring embedded WebApplicationContext
2026-07-16 15:28:15.661 INFO  [restartedMain] o.s.b.w.s.c.ServletWebServerApplicationContext - Root WebApplicationContext: initialization completed in 4168 ms
2026-07-16 15:28:16.109 DEBUG [restartedMain] c.m.editorial.security.JwtFilter - Filter 'jwtFilter' configured for use
2026-07-16 15:28:16.309 INFO  [restartedMain] o.h.jpa.internal.util.LogHelper - HHH000204: Processing PersistenceUnitInfo [name: default]
2026-07-16 15:28:16.380 INFO  [restartedMain] org.hibernate.Version - HHH000412: Hibernate ORM core version 6.5.3.Final
2026-07-16 15:28:16.424 INFO  [restartedMain] o.h.c.i.RegionFactoryInitiator - HHH000026: Second-level cache disabled
2026-07-16 15:28:16.849 INFO  [restartedMain] o.s.o.j.p.SpringPersistenceUnitInfo - No LoadTimeWeaver setup: ignoring JPA class transformer
2026-07-16 15:28:16.900 INFO  [restartedMain] com.zaxxer.hikari.HikariDataSource - HikariPool-1 - Starting...
2026-07-16 15:28:18.332 WARN  [restartedMain] o.h.e.jdbc.spi.SqlExceptionHelper - SQL Error: 1049, SQLState: 42000
2026-07-16 15:28:18.333 ERROR [restartedMain] o.h.e.jdbc.spi.SqlExceptionHelper - Unknown database 'editorial_db'
2026-07-16 15:28:18.334 WARN  [restartedMain] o.h.e.j.e.i.JdbcEnvironmentInitiator - HHH000342: Could not obtain connection to query metadata
org.hibernate.exception.SQLGrammarException: unable to obtain isolated JDBC connection [Unknown database 'editorial_db'] [n/a]
	at org.hibernate.exception.internal.SQLStateConversionDelegate.convert(SQLStateConversionDelegate.java:91)
	at org.hibernate.exception.internal.StandardSQLExceptionConverter.convert(StandardSQLExceptionConverter.java:58)
	at org.hibernate.engine.jdbc.spi.SqlExceptionHelper.convert(SqlExceptionHelper.java:108)
	at org.hibernate.engine.jdbc.spi.SqlExceptionHelper.convert(SqlExceptionHelper.java:94)
	at org.hibernate.resource.transaction.backend.jdbc.internal.JdbcIsolationDelegate.delegateWork(JdbcIsolationDelegate.java:116)
	at org.hibernate.engine.jdbc.env.internal.JdbcEnvironmentInitiator.getJdbcEnvironmentUsingJdbcMetadata(JdbcEnvironmentInitiator.java:292)
	at org.hibernate.engine.jdbc.env.internal.JdbcEnvironmentInitiator.initiateService(JdbcEnvironmentInitiator.java:124)
	at org.hibernate.engine.jdbc.env.internal.JdbcEnvironmentInitiator.initiateService(JdbcEnvironmentInitiator.java:78)
	at org.hibernate.boot.registry.internal.StandardServiceRegistryImpl.initiateService(StandardServiceRegistryImpl.java:130)
	at org.hibernate.service.internal.AbstractServiceRegistryImpl.createService(AbstractServiceRegistryImpl.java:263)
	at org.hibernate.service.internal.AbstractServiceRegistryImpl.initializeService(AbstractServiceRegistryImpl.java:238)
	at org.hibernate.service.internal.AbstractServiceRegistryImpl.getService(AbstractServiceRegistryImpl.java:215)
	at org.hibernate.boot.model.relational.Database.<init>(Database.java:45)
	at org.hibernate.boot.internal.InFlightMetadataCollectorImpl.getDatabase(InFlightMetadataCollectorImpl.java:221)
	at org.hibernate.boot.internal.InFlightMetadataCollectorImpl.<init>(InFlightMetadataCollectorImpl.java:189)
	at org.hibernate.boot.model.process.spi.MetadataBuildingProcess.complete(MetadataBuildingProcess.java:171)
	at org.hibernate.jpa.boot.internal.EntityManagerFactoryBuilderImpl.metadata(EntityManagerFactoryBuilderImpl.java:1431)
	at org.hibernate.jpa.boot.internal.EntityManagerFactoryBuilderImpl.build(EntityManagerFactoryBuilderImpl.java:1502)
	at org.springframework.orm.jpa.vendor.SpringHibernateJpaPersistenceProvider.createContainerEntityManagerFactory(SpringHibernateJpaPersistenceProvider.java:75)
	at org.springframework.orm.jpa.LocalContainerEntityManagerFactoryBean.createNativeEntityManagerFactory(LocalContainerEntityManagerFactoryBean.java:390)
	at org.springframework.orm.jpa.AbstractEntityManagerFactoryBean.buildNativeEntityManagerFactory(AbstractEntityManagerFactoryBean.java:409)
	at org.springframework.orm.jpa.AbstractEntityManagerFactoryBean.afterPropertiesSet(AbstractEntityManagerFactoryBean.java:396)
	at org.springframework.orm.jpa.LocalContainerEntityManagerFactoryBean.afterPropertiesSet(LocalContainerEntityManagerFactoryBean.java:366)
	at org.springframework.beans.factory.support.AbstractAutowireCapableBeanFactory.invokeInitMethods(AbstractAutowireCapableBeanFactory.java:1853)
	at org.springframework.beans.factory.support.AbstractAutowireCapableBeanFactory.initializeBean(AbstractAutowireCapableBeanFactory.java:1802)
	at org.springframework.beans.factory.support.AbstractAutowireCapableBeanFactory.doCreateBean(AbstractAutowireCapableBeanFactory.java:600)
	at org.springframework.beans.factory.support.AbstractAutowireCapableBeanFactory.createBean(AbstractAutowireCapableBeanFactory.java:522)
	at org.springframework.beans.factory.support.AbstractBeanFactory.lambda$doGetBean$0(AbstractBeanFactory.java:337)
	at org.springframework.beans.factory.support.DefaultSingletonBeanRegistry.getSingleton(DefaultSingletonBeanRegistry.java:234)
	at org.springframework.beans.factory.support.AbstractBeanFactory.doGetBean(AbstractBeanFactory.java:335)
	at org.springframework.beans.factory.support.AbstractBeanFactory.getBean(AbstractBeanFactory.java:205)
	at org.springframework.context.support.AbstractApplicationContext.finishBeanFactoryInitialization(AbstractApplicationContext.java:954)
	at org.springframework.context.support.AbstractApplicationContext.refresh(AbstractApplicationContext.java:625)
	at org.springframework.boot.web.servlet.context.ServletWebServerApplicationContext.refresh(ServletWebServerApplicationContext.java:146)
	at org.springframework.boot.SpringApplication.refresh(SpringApplication.java:754)
	at org.springframework.boot.SpringApplication.refreshContext(SpringApplication.java:456)
	at org.springframework.boot.SpringApplication.run(SpringApplication.java:335)
	at org.springframework.boot.SpringApplication.run(SpringApplication.java:1363)
	at org.springframework.boot.SpringApplication.run(SpringApplication.java:1352)
	at com.mediahub.editorial.EditorialApplication.main(EditorialApplication.java:15)
	at java.base/jdk.internal.reflect.DirectMethodHandleAccessor.invoke(DirectMethodHandleAccessor.java:103)
	at java.base/java.lang.reflect.Method.invoke(Method.java:580)
	at org.springframework.boot.devtools.restart.RestartLauncher.run(RestartLauncher.java:50)
Caused by: java.sql.SQLSyntaxErrorException: Unknown database 'editorial_db'
	at com.mysql.cj.jdbc.exceptions.SQLError.createSQLException(SQLError.java:121)
	at com.mysql.cj.jdbc.exceptions.SQLExceptionsMapping.translateException(SQLExceptionsMapping.java:122)
	at com.mysql.cj.jdbc.ConnectionImpl.createNewIO(ConnectionImpl.java:815)
	at com.mysql.cj.jdbc.ConnectionImpl.<init>(ConnectionImpl.java:438)
	at com.mysql.cj.jdbc.ConnectionImpl.getInstance(ConnectionImpl.java:241)
	at com.mysql.cj.jdbc.NonRegisteringDriver.connect(NonRegisteringDriver.java:189)
	at com.zaxxer.hikari.util.DriverDataSource.getConnection(DriverDataSource.java:137)
	at com.zaxxer.hikari.pool.PoolBase.newConnection(PoolBase.java:360)
	at com.zaxxer.hikari.pool.PoolBase.newPoolEntry(PoolBase.java:202)
	at com.zaxxer.hikari.pool.HikariPool.createPoolEntry(HikariPool.java:461)
	at com.zaxxer.hikari.pool.HikariPool.checkFailFast(HikariPool.java:550)
	at com.zaxxer.hikari.pool.HikariPool.<init>(HikariPool.java:98)
	at com.zaxxer.hikari.HikariDataSource.getConnection(HikariDataSource.java:111)
	at org.hibernate.engine.jdbc.connections.internal.DatasourceConnectionProviderImpl.getConnection(DatasourceConnectionProviderImpl.java:122)
	at org.hibernate.engine.jdbc.env.internal.JdbcEnvironmentInitiator$ConnectionProviderJdbcConnectionAccess.obtainConnection(JdbcEnvironmentInitiator.java:439)
	at org.hibernate.resource.transaction.backend.jdbc.internal.JdbcIsolationDelegate.delegateWork(JdbcIsolationDelegate.java:61)
	... 38 common frames omitted
2026-07-16 15:28:18.339 ERROR [restartedMain] o.s.o.j.LocalContainerEntityManagerFactoryBean - Failed to initialize JPA EntityManagerFactory: Unable to create requested service [org.hibernate.engine.jdbc.env.spi.JdbcEnvironment] due to: Unable to determine Dialect without JDBC metadata (please set 'jakarta.persistence.jdbc.url' for common cases or 'hibernate.dialect' when a custom Dialect implementation must be provided)
2026-07-16 15:28:18.340 WARN  [restartedMain] o.s.b.w.s.c.AnnotationConfigServletWebServerApplicationContext - Exception encountered during context initialization - cancelling refresh attempt: org.springframework.beans.factory.BeanCreationException: Error creating bean with name 'entityManagerFactory' defined in class path resource [org/springframework/boot/autoconfigure/orm/jpa/HibernateJpaConfiguration.class]: Unable to create requested service [org.hibernate.engine.jdbc.env.spi.JdbcEnvironment] due to: Unable to determine Dialect without JDBC metadata (please set 'jakarta.persistence.jdbc.url' for common cases or 'hibernate.dialect' when a custom Dialect implementation must be provided)
2026-07-16 15:28:18.347 INFO  [restartedMain] o.a.catalina.core.StandardService - Stopping service [Tomcat]
2026-07-16 15:28:18.368 INFO  [restartedMain] o.s.b.a.l.ConditionEvaluationReportLogger - 

Error starting ApplicationContext. To display the condition evaluation report re-run your application with 'debug' enabled.
2026-07-16 15:28:18.423 ERROR [restartedMain] o.s.boot.SpringApplication - Application run failed
org.springframework.beans.factory.BeanCreationException: Error creating bean with name 'entityManagerFactory' defined in class path resource [org/springframework/boot/autoconfigure/orm/jpa/HibernateJpaConfiguration.class]: Unable to create requested service [org.hibernate.engine.jdbc.env.spi.JdbcEnvironment] due to: Unable to determine Dialect without JDBC metadata (please set 'jakarta.persistence.jdbc.url' for common cases or 'hibernate.dialect' when a custom Dialect implementation must be provided)
	at org.springframework.beans.factory.support.AbstractAutowireCapableBeanFactory.initializeBean(AbstractAutowireCapableBeanFactory.java:1806)
	at org.springframework.beans.factory.support.AbstractAutowireCapableBeanFactory.doCreateBean(AbstractAutowireCapableBeanFactory.java:600)
	at org.springframework.beans.factory.support.AbstractAutowireCapableBeanFactory.createBean(AbstractAutowireCapableBeanFactory.java:522)
	at org.springframework.beans.factory.support.AbstractBeanFactory.lambda$doGetBean$0(AbstractBeanFactory.java:337)
	at org.springframework.beans.factory.support.DefaultSingletonBeanRegistry.getSingleton(DefaultSingletonBeanRegistry.java:234)
	at org.springframework.beans.factory.support.AbstractBeanFactory.doGetBean(AbstractBeanFactory.java:335)
	at org.springframework.beans.factory.support.AbstractBeanFactory.getBean(AbstractBeanFactory.java:205)
	at org.springframework.context.support.AbstractApplicationContext.finishBeanFactoryInitialization(AbstractApplicationContext.java:954)
	at org.springframework.context.support.AbstractApplicationContext.refresh(AbstractApplicationContext.java:625)
	at org.springframework.boot.web.servlet.context.ServletWebServerApplicationContext.refresh(ServletWebServerApplicationContext.java:146)
	at org.springframework.boot.SpringApplication.refresh(SpringApplication.java:754)
	at org.springframework.boot.SpringApplication.refreshContext(SpringApplication.java:456)
	at org.springframework.boot.SpringApplication.run(SpringApplication.java:335)
	at org.springframework.boot.SpringApplication.run(SpringApplication.java:1363)
	at org.springframework.boot.SpringApplication.run(SpringApplication.java:1352)
	at com.mediahub.editorial.EditorialApplication.main(EditorialApplication.java:15)
	at java.base/jdk.internal.reflect.DirectMethodHandleAccessor.invoke(DirectMethodHandleAccessor.java:103)
	at java.base/java.lang.reflect.Method.invoke(Method.java:580)
	at org.springframework.boot.devtools.restart.RestartLauncher.run(RestartLauncher.java:50)
Caused by: org.hibernate.service.spi.ServiceException: Unable to create requested service [org.hibernate.engine.jdbc.env.spi.JdbcEnvironment] due to: Unable to determine Dialect without JDBC metadata (please set 'jakarta.persistence.jdbc.url' for common cases or 'hibernate.dialect' when a custom Dialect implementation must be provided)
	at org.hibernate.service.internal.AbstractServiceRegistryImpl.createService(AbstractServiceRegistryImpl.java:276)
	at org.hibernate.service.internal.AbstractServiceRegistryImpl.initializeService(AbstractServiceRegistryImpl.java:238)
	at org.hibernate.service.internal.AbstractServiceRegistryImpl.getService(AbstractServiceRegistryImpl.java:215)
	at org.hibernate.boot.model.relational.Database.<init>(Database.java:45)
	at org.hibernate.boot.internal.InFlightMetadataCollectorImpl.getDatabase(InFlightMetadataCollectorImpl.java:221)
	at org.hibernate.boot.internal.InFlightMetadataCollectorImpl.<init>(InFlightMetadataCollectorImpl.java:189)
	at org.hibernate.boot.model.process.spi.MetadataBuildingProcess.complete(MetadataBuildingProcess.java:171)
	at org.hibernate.jpa.boot.internal.EntityManagerFactoryBuilderImpl.metadata(EntityManagerFactoryBuilderImpl.java:1431)
	at org.hibernate.jpa.boot.internal.EntityManagerFactoryBuilderImpl.build(EntityManagerFactoryBuilderImpl.java:1502)
	at org.springframework.orm.jpa.vendor.SpringHibernateJpaPersistenceProvider.createContainerEntityManagerFactory(SpringHibernateJpaPersistenceProvider.java:75)
	at org.springframework.orm.jpa.LocalContainerEntityManagerFactoryBean.createNativeEntityManagerFactory(LocalContainerEntityManagerFactoryBean.java:390)
	at org.springframework.orm.jpa.AbstractEntityManagerFactoryBean.buildNativeEntityManagerFactory(AbstractEntityManagerFactoryBean.java:409)
	at org.springframework.orm.jpa.AbstractEntityManagerFactoryBean.afterPropertiesSet(AbstractEntityManagerFactoryBean.java:396)
	at org.springframework.orm.jpa.LocalContainerEntityManagerFactoryBean.afterPropertiesSet(LocalContainerEntityManagerFactoryBean.java:366)
	at org.springframework.beans.factory.support.AbstractAutowireCapableBeanFactory.invokeInitMethods(AbstractAutowireCapableBeanFactory.java:1853)
	at org.springframework.beans.factory.support.AbstractAutowireCapableBeanFactory.initializeBean(AbstractAutowireCapableBeanFactory.java:1802)
	... 18 common frames omitted
Caused by: org.hibernate.HibernateException: Unable to determine Dialect without JDBC metadata (please set 'jakarta.persistence.jdbc.url' for common cases or 'hibernate.dialect' when a custom Dialect implementation must be provided)
	at org.hibernate.engine.jdbc.dialect.internal.DialectFactoryImpl.determineDialect(DialectFactoryImpl.java:191)
	at org.hibernate.engine.jdbc.dialect.internal.DialectFactoryImpl.buildDialect(DialectFactoryImpl.java:87)
	at org.hibernate.engine.jdbc.env.internal.JdbcEnvironmentInitiator.getJdbcEnvironmentWithDefaults(JdbcEnvironmentInitiator.java:153)
	at org.hibernate.engine.jdbc.env.internal.JdbcEnvironmentInitiator.getJdbcEnvironmentUsingJdbcMetadata(JdbcEnvironmentInitiator.java:364)
	at org.hibernate.engine.jdbc.env.internal.JdbcEnvironmentInitiator.initiateService(JdbcEnvironmentInitiator.java:124)
	at org.hibernate.engine.jdbc.env.internal.JdbcEnvironmentInitiator.initiateService(JdbcEnvironmentInitiator.java:78)
	at org.hibernate.boot.registry.internal.StandardServiceRegistryImpl.initiateService(StandardServiceRegistryImpl.java:130)
	at org.hibernate.service.internal.AbstractServiceRegistryImpl.createService(AbstractServiceRegistryImpl.java:263)
	... 33 common frames omitted
2026-07-16 15:33:27.373 INFO  [restartedMain] c.m.editorial.EditorialApplication - Starting EditorialApplication using Java 21.0.2 with PID 25292 (C:\Users\2506597\Downloads\MediaHub_Final_Clean\MediaHub-Integrated_eurekaserver_apigateway\MediaHub-Integrated\editorial\target\classes started by 2506597 in C:\Users\2506597\Downloads\MediaHub_Final_Clean\MediaHub-Integrated_eurekaserver_apigateway\MediaHub-Integrated\editorial)
2026-07-16 15:33:27.374 DEBUG [restartedMain] c.m.editorial.EditorialApplication - Running with Spring Boot v3.3.4, Spring v6.1.13
2026-07-16 15:33:27.375 INFO  [restartedMain] c.m.editorial.EditorialApplication - No active profile set, falling back to 1 default profile: "default"
2026-07-16 15:33:27.429 INFO  [restartedMain] o.s.b.d.e.DevToolsPropertyDefaultsPostProcessor - Devtools property defaults active! Set 'spring.devtools.add-properties' to 'false' to disable
2026-07-16 15:33:27.429 INFO  [restartedMain] o.s.b.d.e.DevToolsPropertyDefaultsPostProcessor - For additional web related logging consider setting the 'logging.level.web' property to 'DEBUG'
2026-07-16 15:33:28.937 INFO  [restartedMain] o.s.d.r.c.RepositoryConfigurationDelegate - Bootstrapping Spring Data JPA repositories in DEFAULT mode.
2026-07-16 15:33:29.112 INFO  [restartedMain] o.s.d.r.c.RepositoryConfigurationDelegate - Finished Spring Data repository scanning in 165 ms. Found 3 JPA repository interfaces.
2026-07-16 15:33:29.456 INFO  [restartedMain] o.s.cloud.context.scope.GenericScope - BeanFactory id=26bb47c5-9770-37cc-914b-dd74c318221b
2026-07-16 15:33:29.806 WARN  [restartedMain] o.s.c.s.PostProcessorRegistrationDelegate$BeanPostProcessorChecker - Bean 'org.springframework.cloud.client.loadbalancer.LoadBalancerAutoConfiguration$DeferringLoadBalancerInterceptorConfig' of type [org.springframework.cloud.client.loadbalancer.LoadBalancerAutoConfiguration$DeferringLoadBalancerInterceptorConfig] is not eligible for getting processed by all BeanPostProcessors (for example: not eligible for auto-proxying). The currently created BeanPostProcessor [lbRestClientPostProcessor] is declared through a non-static factory method on that class; consider declaring it as static instead.
2026-07-16 15:33:29.808 WARN  [restartedMain] o.s.c.s.PostProcessorRegistrationDelegate$BeanPostProcessorChecker - Bean 'deferringLoadBalancerInterceptor' of type [org.springframework.cloud.client.loadbalancer.DeferringLoadBalancerInterceptor] is not eligible for getting processed by all BeanPostProcessors (for example: not eligible for auto-proxying). Is this bean getting eagerly injected into a currently created BeanPostProcessor [lbRestClientPostProcessor]? Check the corresponding BeanPostProcessor declaration and its dependencies.
2026-07-16 15:33:29.808 WARN  [restartedMain] o.s.c.s.PostProcessorRegistrationDelegate$BeanPostProcessorChecker - Bean 'org.springframework.cloud.client.loadbalancer.reactive.LoadBalancerBeanPostProcessorAutoConfiguration' of type [org.springframework.cloud.client.loadbalancer.reactive.LoadBalancerBeanPostProcessorAutoConfiguration] is not eligible for getting processed by all BeanPostProcessors (for example: not eligible for auto-proxying). The currently created BeanPostProcessor [loadBalancerWebClientBuilderBeanPostProcessor] is declared through a non-static factory method on that class; consider declaring it as static instead.
2026-07-16 15:33:29.808 WARN  [restartedMain] o.s.c.s.PostProcessorRegistrationDelegate$BeanPostProcessorChecker - Bean 'org.springframework.cloud.client.loadbalancer.reactive.LoadBalancerBeanPostProcessorAutoConfiguration$ReactorDeferringLoadBalancerFilterConfig' of type [org.springframework.cloud.client.loadbalancer.reactive.LoadBalancerBeanPostProcessorAutoConfiguration$ReactorDeferringLoadBalancerFilterConfig] is not eligible for getting processed by all BeanPostProcessors (for example: not eligible for auto-proxying). Is this bean getting eagerly injected into a currently created BeanPostProcessor [loadBalancerWebClientBuilderBeanPostProcessor]? Check the corresponding BeanPostProcessor declaration and its dependencies.
2026-07-16 15:33:29.808 WARN  [restartedMain] o.s.c.s.PostProcessorRegistrationDelegate$BeanPostProcessorChecker - Bean 'reactorDeferringLoadBalancerExchangeFilterFunction' of type [org.springframework.cloud.client.loadbalancer.reactive.DeferringLoadBalancerExchangeFilterFunction] is not eligible for getting processed by all BeanPostProcessors (for example: not eligible for auto-proxying). Is this bean getting eagerly injected into a currently created BeanPostProcessor [loadBalancerWebClientBuilderBeanPostProcessor]? Check the corresponding BeanPostProcessor declaration and its dependencies.
2026-07-16 15:33:30.269 INFO  [restartedMain] o.s.b.w.e.tomcat.TomcatWebServer - Tomcat initialized with port 9097 (http)
2026-07-16 15:33:30.280 INFO  [restartedMain] o.a.coyote.http11.Http11NioProtocol - Initializing ProtocolHandler ["http-nio-9097"]
2026-07-16 15:33:30.283 INFO  [restartedMain] o.a.catalina.core.StandardService - Starting service [Tomcat]
2026-07-16 15:33:30.283 INFO  [restartedMain] o.a.catalina.core.StandardEngine - Starting Servlet engine: [Apache Tomcat/10.1.30]
2026-07-16 15:33:30.358 INFO  [restartedMain] o.a.c.c.C.[Tomcat].[localhost].[/] - Initializing Spring embedded WebApplicationContext
2026-07-16 15:33:30.358 INFO  [restartedMain] o.s.b.w.s.c.ServletWebServerApplicationContext - Root WebApplicationContext: initialization completed in 2929 ms
2026-07-16 15:33:30.600 DEBUG [restartedMain] c.m.editorial.security.JwtFilter - Filter 'jwtFilter' configured for use
2026-07-16 15:33:30.733 INFO  [restartedMain] o.h.jpa.internal.util.LogHelper - HHH000204: Processing PersistenceUnitInfo [name: default]
2026-07-16 15:33:30.790 INFO  [restartedMain] org.hibernate.Version - HHH000412: Hibernate ORM core version 6.5.3.Final
2026-07-16 15:33:30.824 INFO  [restartedMain] o.h.c.i.RegionFactoryInitiator - HHH000026: Second-level cache disabled
2026-07-16 15:33:31.137 INFO  [restartedMain] o.s.o.j.p.SpringPersistenceUnitInfo - No LoadTimeWeaver setup: ignoring JPA class transformer
2026-07-16 15:33:31.169 INFO  [restartedMain] com.zaxxer.hikari.HikariDataSource - HikariPool-1 - Starting...
2026-07-16 15:33:31.508 INFO  [restartedMain] com.zaxxer.hikari.pool.HikariPool - HikariPool-1 - Added connection com.mysql.cj.jdbc.ConnectionImpl@3383c6d1
2026-07-16 15:33:31.510 INFO  [restartedMain] com.zaxxer.hikari.HikariDataSource - HikariPool-1 - Start completed.
2026-07-16 15:33:32.775 INFO  [restartedMain] o.h.e.t.j.p.i.JtaPlatformInitiator - HHH000489: No JTA platform available (set 'hibernate.transaction.jta.platform' to enable JTA platform integration)
2026-07-16 15:33:32.931 INFO  [restartedMain] o.s.o.j.LocalContainerEntityManagerFactoryBean - Initialized JPA EntityManagerFactory for persistence unit 'default'
2026-07-16 15:33:33.957 WARN  [restartedMain] o.s.b.a.o.j.JpaBaseConfiguration$JpaWebConfiguration - spring.jpa.open-in-view is enabled by default. Therefore, database queries may be performed during view rendering. Explicitly configure spring.jpa.open-in-view to disable this warning
2026-07-16 15:33:34.013 WARN  [restartedMain] o.s.b.a.s.s.UserDetailsServiceAutoConfiguration - 

Using generated security password: 71ea260e-7fee-492e-bc0c-2d38283646a0

This generated password is for development use only. Your security configuration must be updated before running your application in production.

2026-07-16 15:33:34.046 INFO  [restartedMain] o.s.s.c.a.a.c.InitializeUserDetailsBeanManagerConfigurer$InitializeUserDetailsManagerConfigurer - Global AuthenticationManager configured with UserDetailsService bean with name inMemoryUserDetailsManager
2026-07-16 15:33:34.776 INFO  [restartedMain] o.s.b.a.e.web.EndpointLinksResolver - Exposing 5 endpoints beneath base path '/actuator'
2026-07-16 15:33:35.531 INFO  [restartedMain] o.s.b.d.a.OptionalLiveReloadServer - LiveReload server is running on port 35729
2026-07-16 15:33:35.607 INFO  [restartedMain] o.s.c.n.e.c.DiscoveryClientOptionalArgsConfiguration - Eureka HTTP Client uses RestTemplate.
2026-07-16 15:33:35.763 WARN  [restartedMain] o.s.c.l.c.LoadBalancerCacheAutoConfiguration$LoadBalancerCaffeineWarnLogger - Spring Cloud LoadBalancer is currently working with the default cache. While this cache implementation is useful for development and tests, it's recommended to use Caffeine cache in production.You can switch to using Caffeine cache, by adding it and org.springframework.cache.caffeine.CaffeineCacheManager to the classpath.
2026-07-16 15:33:35.859 INFO  [restartedMain] o.s.c.n.eureka.InstanceInfoFactory - Setting initial instance status as: STARTING
2026-07-16 15:33:35.898 INFO  [restartedMain] c.netflix.discovery.DiscoveryClient - Initializing Eureka in region us-east-1
2026-07-16 15:33:35.904 INFO  [restartedMain] c.n.d.s.r.aws.ConfigClusterResolver - Resolving eureka endpoints via configuration
2026-07-16 15:33:35.913 INFO  [restartedMain] c.netflix.discovery.DiscoveryClient - Disable delta property : false
2026-07-16 15:33:35.913 INFO  [restartedMain] c.netflix.discovery.DiscoveryClient - Single vip registry refresh property : null
2026-07-16 15:33:35.913 INFO  [restartedMain] c.netflix.discovery.DiscoveryClient - Force full registry fetch : false
2026-07-16 15:33:35.913 INFO  [restartedMain] c.netflix.discovery.DiscoveryClient - Application is null : false
2026-07-16 15:33:35.914 INFO  [restartedMain] c.netflix.discovery.DiscoveryClient - Registered Applications size is zero : true
2026-07-16 15:33:35.914 INFO  [restartedMain] c.netflix.discovery.DiscoveryClient - Application version is -1: true
2026-07-16 15:33:35.914 INFO  [restartedMain] c.netflix.discovery.DiscoveryClient - Getting all instance registry info from the eureka server
2026-07-16 15:33:36.423 INFO  [restartedMain] c.netflix.discovery.DiscoveryClient - The response status is 200
2026-07-16 15:33:36.428 INFO  [restartedMain] c.netflix.discovery.DiscoveryClient - Starting heartbeat executor: renew interval is: 10
2026-07-16 15:33:36.430 INFO  [restartedMain] c.n.discovery.InstanceInfoReplicator - InstanceInfoReplicator onDemand update allowed rate per min is 4
2026-07-16 15:33:36.432 INFO  [restartedMain] c.netflix.discovery.DiscoveryClient - Discovery Client initialized at timestamp 1784196216432 with initial instances count: 4
2026-07-16 15:33:36.445 INFO  [restartedMain] o.s.c.n.e.s.EurekaServiceRegistry - Registering application MEDIAHUB-EDITORIAL with eureka with status UP
2026-07-16 15:33:36.446 INFO  [restartedMain] c.netflix.discovery.DiscoveryClient - Saw local status change event StatusChangeEvent [timestamp=1784196216446, current=UP, previous=STARTING]
2026-07-16 15:33:36.448 INFO  [restartedMain] o.a.coyote.http11.Http11NioProtocol - Starting ProtocolHandler ["http-nio-9097"]
2026-07-16 15:33:36.448 INFO  [DiscoveryClient-InstanceInfoReplicator-%d] c.netflix.discovery.DiscoveryClient - DiscoveryClient_MEDIAHUB-EDITORIAL/LTIN710006.cts.com:mediahub-editorial:9097: registering service...
2026-07-16 15:33:36.483 INFO  [restartedMain] o.s.b.w.e.tomcat.TomcatWebServer - Tomcat started on port 9097 (http) with context path '/'
2026-07-16 15:33:36.485 INFO  [restartedMain] o.s.c.n.e.s.EurekaAutoServiceRegistration - Updating port to 9097
2026-07-16 15:33:36.498 INFO  [DiscoveryClient-InstanceInfoReplicator-%d] c.netflix.discovery.DiscoveryClient - DiscoveryClient_MEDIAHUB-EDITORIAL/LTIN710006.cts.com:mediahub-editorial:9097 - registration status: 204
2026-07-16 15:33:36.530 INFO  [restartedMain] c.m.editorial.EditorialApplication - Started EditorialApplication in 9.716 seconds (process running for 10.698)
2026-07-16 15:33:36.626 INFO  [restartedMain] c.m.editorial.EditorialApplication - EditorialApplication started successfully
2026-07-16 15:37:08.524 INFO  [File Watcher] o.s.b.d.a.LocalDevToolsAutoConfiguration$RestartingClassPathChangeChangedEventListener - Restarting due to 23 class path changes (0 additions, 2 deletions, 21 modifications)
2026-07-16 15:37:08.531 INFO  [Thread-7] o.s.c.n.e.s.EurekaServiceRegistry - Unregistering application MEDIAHUB-EDITORIAL with eureka with status DOWN
2026-07-16 15:37:08.531 INFO  [Thread-7] c.netflix.discovery.DiscoveryClient - Saw local status change event StatusChangeEvent [timestamp=1784196428531, current=DOWN, previous=UP]
2026-07-16 15:37:08.532 INFO  [DiscoveryClient-InstanceInfoReplicator-%d] c.netflix.discovery.DiscoveryClient - DiscoveryClient_MEDIAHUB-EDITORIAL/LTIN710006.cts.com:mediahub-editorial:9097: registering service...
2026-07-16 15:37:08.543 INFO  [Thread-7] o.a.coyote.http11.Http11NioProtocol - Stopping ProtocolHandler ["http-nio-9097"]
2026-07-16 15:37:08.550 INFO  [DiscoveryClient-InstanceInfoReplicator-%d] c.netflix.discovery.DiscoveryClient - DiscoveryClient_MEDIAHUB-EDITORIAL/LTIN710006.cts.com:mediahub-editorial:9097 - registration status: 204
2026-07-16 15:37:08.632 INFO  [Thread-7] o.s.o.j.LocalContainerEntityManagerFactoryBean - Closing JPA EntityManagerFactory for persistence unit 'default'
2026-07-16 15:37:08.639 INFO  [Thread-7] com.zaxxer.hikari.HikariDataSource - HikariPool-1 - Shutdown initiated...
2026-07-16 15:37:08.667 INFO  [Thread-7] com.zaxxer.hikari.HikariDataSource - HikariPool-1 - Shutdown completed.
2026-07-16 15:37:08.669 INFO  [Thread-7] c.netflix.discovery.DiscoveryClient - Shutting down DiscoveryClient ...
2026-07-16 15:37:11.671 INFO  [Thread-7] c.netflix.discovery.DiscoveryClient - Unregistering ...
2026-07-16 15:37:11.731 INFO  [Thread-7] c.netflix.discovery.DiscoveryClient - DiscoveryClient_MEDIAHUB-EDITORIAL/LTIN710006.cts.com:mediahub-editorial:9097 - deregister  status: 200
2026-07-16 15:37:11.732 INFO  [Thread-7] c.netflix.discovery.DiscoveryClient - Completed shut down of DiscoveryClient
2026-07-16 15:37:11.880 INFO  [restartedMain] c.m.editorial.EditorialApplication - Starting EditorialApplication
2026-07-16 15:37:12.002 INFO  [restartedMain] c.m.editorial.EditorialApplication - Starting EditorialApplication using Java 21.0.2 with PID 25292 (C:\Users\2506597\Downloads\MediaHub_Final_Clean\MediaHub-Integrated_eurekaserver_apigateway\MediaHub-Integrated\editorial\target\classes started by 2506597 in C:\Users\2506597\Downloads\MediaHub_Final_Clean\MediaHub-Integrated_eurekaserver_apigateway\MediaHub-Integrated\editorial)
2026-07-16 15:37:12.002 DEBUG [restartedMain] c.m.editorial.EditorialApplication - Running with Spring Boot v3.3.4, Spring v6.1.13
2026-07-16 15:37:12.002 INFO  [restartedMain] c.m.editorial.EditorialApplication - No active profile set, falling back to 1 default profile: "default"
2026-07-16 15:37:13.521 INFO  [restartedMain] o.s.d.r.c.RepositoryConfigurationDelegate - Bootstrapping Spring Data JPA repositories in DEFAULT mode.
2026-07-16 15:37:13.605 INFO  [restartedMain] o.s.d.r.c.RepositoryConfigurationDelegate - Finished Spring Data repository scanning in 82 ms. Found 3 JPA repository interfaces.
2026-07-16 15:37:14.012 INFO  [restartedMain] o.s.cloud.context.scope.GenericScope - BeanFactory id=26bb47c5-9770-37cc-914b-dd74c318221b
2026-07-16 15:37:14.157 WARN  [restartedMain] o.s.c.s.PostProcessorRegistrationDelegate$BeanPostProcessorChecker - Bean 'org.springframework.cloud.client.loadbalancer.LoadBalancerAutoConfiguration$DeferringLoadBalancerInterceptorConfig' of type [org.springframework.cloud.client.loadbalancer.LoadBalancerAutoConfiguration$DeferringLoadBalancerInterceptorConfig] is not eligible for getting processed by all BeanPostProcessors (for example: not eligible for auto-proxying). The currently created BeanPostProcessor [lbRestClientPostProcessor] is declared through a non-static factory method on that class; consider declaring it as static instead.
2026-07-16 15:37:14.166 WARN  [restartedMain] o.s.c.s.PostProcessorRegistrationDelegate$BeanPostProcessorChecker - Bean 'deferringLoadBalancerInterceptor' of type [org.springframework.cloud.client.loadbalancer.DeferringLoadBalancerInterceptor] is not eligible for getting processed by all BeanPostProcessors (for example: not eligible for auto-proxying). Is this bean getting eagerly injected into a currently created BeanPostProcessor [lbRestClientPostProcessor]? Check the corresponding BeanPostProcessor declaration and its dependencies.
2026-07-16 15:37:14.176 WARN  [restartedMain] o.s.c.s.PostProcessorRegistrationDelegate$BeanPostProcessorChecker - Bean 'org.springframework.cloud.client.loadbalancer.reactive.LoadBalancerBeanPostProcessorAutoConfiguration' of type [org.springframework.cloud.client.loadbalancer.reactive.LoadBalancerBeanPostProcessorAutoConfiguration] is not eligible for getting processed by all BeanPostProcessors (for example: not eligible for auto-proxying). The currently created BeanPostProcessor [loadBalancerWebClientBuilderBeanPostProcessor] is declared through a non-static factory method on that class; consider declaring it as static instead.
2026-07-16 15:37:14.181 WARN  [restartedMain] o.s.c.s.PostProcessorRegistrationDelegate$BeanPostProcessorChecker - Bean 'org.springframework.cloud.client.loadbalancer.reactive.LoadBalancerBeanPostProcessorAutoConfiguration$ReactorDeferringLoadBalancerFilterConfig' of type [org.springframework.cloud.client.loadbalancer.reactive.LoadBalancerBeanPostProcessorAutoConfiguration$ReactorDeferringLoadBalancerFilterConfig] is not eligible for getting processed by all BeanPostProcessors (for example: not eligible for auto-proxying). Is this bean getting eagerly injected into a currently created BeanPostProcessor [loadBalancerWebClientBuilderBeanPostProcessor]? Check the corresponding BeanPostProcessor declaration and its dependencies.
2026-07-16 15:37:14.186 WARN  [restartedMain] o.s.c.s.PostProcessorRegistrationDelegate$BeanPostProcessorChecker - Bean 'reactorDeferringLoadBalancerExchangeFilterFunction' of type [org.springframework.cloud.client.loadbalancer.reactive.DeferringLoadBalancerExchangeFilterFunction] is not eligible for getting processed by all BeanPostProcessors (for example: not eligible for auto-proxying). Is this bean getting eagerly injected into a currently created BeanPostProcessor [loadBalancerWebClientBuilderBeanPostProcessor]? Check the corresponding BeanPostProcessor declaration and its dependencies.
2026-07-16 15:37:14.604 INFO  [restartedMain] o.s.b.w.e.tomcat.TomcatWebServer - Tomcat initialized with port 9097 (http)
2026-07-16 15:37:14.608 INFO  [restartedMain] o.a.coyote.http11.Http11NioProtocol - Initializing ProtocolHandler ["http-nio-9097"]
2026-07-16 15:37:14.609 INFO  [restartedMain] o.a.catalina.core.StandardService - Starting service [Tomcat]
2026-07-16 15:37:14.609 INFO  [restartedMain] o.a.catalina.core.StandardEngine - Starting Servlet engine: [Apache Tomcat/10.1.30]
2026-07-16 15:37:14.753 INFO  [restartedMain] o.a.c.c.C.[Tomcat].[localhost].[/] - Initializing Spring embedded WebApplicationContext
2026-07-16 15:37:14.753 INFO  [restartedMain] o.s.b.w.s.c.ServletWebServerApplicationContext - Root WebApplicationContext: initialization completed in 2746 ms
2026-07-16 15:37:15.141 DEBUG [restartedMain] c.m.editorial.security.JwtFilter - Filter 'jwtFilter' configured for use
2026-07-16 15:37:15.376 INFO  [restartedMain] o.h.jpa.internal.util.LogHelper - HHH000204: Processing PersistenceUnitInfo [name: default]
2026-07-16 15:37:15.398 INFO  [restartedMain] o.h.c.i.RegionFactoryInitiator - HHH000026: Second-level cache disabled
2026-07-16 15:37:15.459 INFO  [restartedMain] o.s.o.j.p.SpringPersistenceUnitInfo - No LoadTimeWeaver setup: ignoring JPA class transformer
2026-07-16 15:37:15.463 INFO  [restartedMain] com.zaxxer.hikari.HikariDataSource - HikariPool-2 - Starting...
2026-07-16 15:37:15.523 INFO  [restartedMain] com.zaxxer.hikari.pool.HikariPool - HikariPool-2 - Added connection com.mysql.cj.jdbc.ConnectionImpl@2f514be5
2026-07-16 15:37:15.524 INFO  [restartedMain] com.zaxxer.hikari.HikariDataSource - HikariPool-2 - Start completed.
2026-07-16 15:37:15.802 INFO  [restartedMain] o.h.e.t.j.p.i.JtaPlatformInitiator - HHH000489: No JTA platform available (set 'hibernate.transaction.jta.platform' to enable JTA platform integration)
2026-07-16 15:37:15.857 INFO  [restartedMain] o.s.o.j.LocalContainerEntityManagerFactoryBean - Initialized JPA EntityManagerFactory for persistence unit 'default'
2026-07-16 15:37:16.312 WARN  [restartedMain] o.s.b.a.o.j.JpaBaseConfiguration$JpaWebConfiguration - spring.jpa.open-in-view is enabled by default. Therefore, database queries may be performed during view rendering. Explicitly configure spring.jpa.open-in-view to disable this warning
2026-07-16 15:37:16.394 WARN  [restartedMain] o.s.b.a.s.s.UserDetailsServiceAutoConfiguration - 

Using generated security password: cffa0c19-6df5-4e69-954c-6b045c7515de

This generated password is for development use only. Your security configuration must be updated before running your application in production.

2026-07-16 15:37:16.403 INFO  [restartedMain] o.s.s.c.a.a.c.InitializeUserDetailsBeanManagerConfigurer$InitializeUserDetailsManagerConfigurer - Global AuthenticationManager configured with UserDetailsService bean with name inMemoryUserDetailsManager
2026-07-16 15:37:17.510 INFO  [restartedMain] o.s.b.a.e.web.EndpointLinksResolver - Exposing 5 endpoints beneath base path '/actuator'
2026-07-16 15:37:18.584 INFO  [restartedMain] o.s.b.d.a.OptionalLiveReloadServer - LiveReload server is running on port 35729
2026-07-16 15:37:18.728 INFO  [restartedMain] o.s.c.n.e.c.DiscoveryClientOptionalArgsConfiguration - Eureka HTTP Client uses RestTemplate.
2026-07-16 15:37:18.936 WARN  [restartedMain] o.s.c.l.c.LoadBalancerCacheAutoConfiguration$LoadBalancerCaffeineWarnLogger - Spring Cloud LoadBalancer is currently working with the default cache. While this cache implementation is useful for development and tests, it's recommended to use Caffeine cache in production.You can switch to using Caffeine cache, by adding it and org.springframework.cache.caffeine.CaffeineCacheManager to the classpath.
2026-07-16 15:37:19.026 INFO  [restartedMain] o.s.c.n.eureka.InstanceInfoFactory - Setting initial instance status as: STARTING
2026-07-16 15:37:19.042 INFO  [restartedMain] c.netflix.discovery.DiscoveryClient - Initializing Eureka in region us-east-1
2026-07-16 15:37:19.043 INFO  [restartedMain] c.n.d.s.r.aws.ConfigClusterResolver - Resolving eureka endpoints via configuration
2026-07-16 15:37:19.045 INFO  [restartedMain] c.netflix.discovery.DiscoveryClient - Disable delta property : false
2026-07-16 15:37:19.045 INFO  [restartedMain] c.netflix.discovery.DiscoveryClient - Single vip registry refresh property : null
2026-07-16 15:37:19.045 INFO  [restartedMain] c.netflix.discovery.DiscoveryClient - Force full registry fetch : false
2026-07-16 15:37:19.045 INFO  [restartedMain] c.netflix.discovery.DiscoveryClient - Application is null : false
2026-07-16 15:37:19.046 INFO  [restartedMain] c.netflix.discovery.DiscoveryClient - Registered Applications size is zero : true
2026-07-16 15:37:19.046 INFO  [restartedMain] c.netflix.discovery.DiscoveryClient - Application version is -1: true
2026-07-16 15:37:19.046 INFO  [restartedMain] c.netflix.discovery.DiscoveryClient - Getting all instance registry info from the eureka server
2026-07-16 15:37:19.165 INFO  [restartedMain] c.netflix.discovery.DiscoveryClient - The response status is 200
2026-07-16 15:37:19.166 INFO  [restartedMain] c.netflix.discovery.DiscoveryClient - Starting heartbeat executor: renew interval is: 10
2026-07-16 15:37:19.168 INFO  [restartedMain] c.n.discovery.InstanceInfoReplicator - InstanceInfoReplicator onDemand update allowed rate per min is 4
2026-07-16 15:37:19.169 INFO  [restartedMain] c.netflix.discovery.DiscoveryClient - Discovery Client initialized at timestamp 1784196439169 with initial instances count: 5
2026-07-16 15:37:19.186 INFO  [restartedMain] o.s.c.n.e.s.EurekaServiceRegistry - Registering application MEDIAHUB-EDITORIAL with eureka with status UP
2026-07-16 15:37:19.187 INFO  [restartedMain] c.netflix.discovery.DiscoveryClient - Saw local status change event StatusChangeEvent [timestamp=1784196439187, current=UP, previous=STARTING]
2026-07-16 15:37:19.188 INFO  [DiscoveryClient-InstanceInfoReplicator-%d] c.netflix.discovery.DiscoveryClient - DiscoveryClient_MEDIAHUB-EDITORIAL/LTIN710006.cts.com:mediahub-editorial:9097: registering service...
2026-07-16 15:37:19.189 INFO  [restartedMain] o.a.coyote.http11.Http11NioProtocol - Starting ProtocolHandler ["http-nio-9097"]
2026-07-16 15:37:19.199 INFO  [restartedMain] o.s.b.w.e.tomcat.TomcatWebServer - Tomcat started on port 9097 (http) with context path '/'
2026-07-16 15:37:19.202 INFO  [restartedMain] o.s.c.n.e.s.EurekaAutoServiceRegistration - Updating port to 9097
2026-07-16 15:37:19.211 INFO  [DiscoveryClient-InstanceInfoReplicator-%d] c.netflix.discovery.DiscoveryClient - DiscoveryClient_MEDIAHUB-EDITORIAL/LTIN710006.cts.com:mediahub-editorial:9097 - registration status: 204
2026-07-16 15:37:19.239 INFO  [restartedMain] c.m.editorial.EditorialApplication - Started EditorialApplication in 7.346 seconds (process running for 233.408)
2026-07-16 15:37:19.247 INFO  [restartedMain] o.s.b.d.a.ConditionEvaluationDeltaLoggingListener - Condition evaluation unchanged
2026-07-16 15:37:19.248 INFO  [restartedMain] c.m.editorial.EditorialApplication - EditorialApplication started successfully
2026-07-16 15:37:20.065 INFO  [File Watcher] o.s.b.d.a.LocalDevToolsAutoConfiguration$RestartingClassPathChangeChangedEventListener - Restarting due to 2 class path changes (2 additions, 0 deletions, 0 modifications)
2026-07-16 15:37:20.067 INFO  [Thread-9] o.s.c.n.e.s.EurekaServiceRegistry - Unregistering application MEDIAHUB-EDITORIAL with eureka with status DOWN
2026-07-16 15:37:20.068 INFO  [Thread-9] c.netflix.discovery.DiscoveryClient - Saw local status change event StatusChangeEvent [timestamp=1784196440068, current=DOWN, previous=UP]
2026-07-16 15:37:20.068 INFO  [DiscoveryClient-InstanceInfoReplicator-%d] c.netflix.discovery.DiscoveryClient - DiscoveryClient_MEDIAHUB-EDITORIAL/LTIN710006.cts.com:mediahub-editorial:9097: registering service...
2026-07-16 15:37:20.070 INFO  [Thread-9] o.a.coyote.http11.Http11NioProtocol - Stopping ProtocolHandler ["http-nio-9097"]
2026-07-16 15:37:20.079 INFO  [DiscoveryClient-InstanceInfoReplicator-%d] c.netflix.discovery.DiscoveryClient - DiscoveryClient_MEDIAHUB-EDITORIAL/LTIN710006.cts.com:mediahub-editorial:9097 - registration status: 204
2026-07-16 15:37:20.099 INFO  [Thread-9] o.s.o.j.LocalContainerEntityManagerFactoryBean - Closing JPA EntityManagerFactory for persistence unit 'default'
2026-07-16 15:37:20.101 INFO  [Thread-9] com.zaxxer.hikari.HikariDataSource - HikariPool-2 - Shutdown initiated...
2026-07-16 15:37:20.117 INFO  [Thread-9] com.zaxxer.hikari.HikariDataSource - HikariPool-2 - Shutdown completed.
2026-07-16 15:37:20.119 INFO  [Thread-9] c.netflix.discovery.DiscoveryClient - Shutting down DiscoveryClient ...
2026-07-16 15:37:23.120 INFO  [Thread-9] c.netflix.discovery.DiscoveryClient - Unregistering ...
2026-07-16 15:37:23.129 INFO  [Thread-9] c.netflix.discovery.DiscoveryClient - DiscoveryClient_MEDIAHUB-EDITORIAL/LTIN710006.cts.com:mediahub-editorial:9097 - deregister  status: 200
2026-07-16 15:37:23.129 INFO  [Thread-9] c.netflix.discovery.DiscoveryClient - Completed shut down of DiscoveryClient
2026-07-16 15:37:23.250 INFO  [restartedMain] c.m.editorial.EditorialApplication - Starting EditorialApplication
2026-07-16 15:37:23.437 INFO  [restartedMain] c.m.editorial.EditorialApplication - Starting EditorialApplication using Java 21.0.2 with PID 25292 (C:\Users\2506597\Downloads\MediaHub_Final_Clean\MediaHub-Integrated_eurekaserver_apigateway\MediaHub-Integrated\editorial\target\classes started by 2506597 in C:\Users\2506597\Downloads\MediaHub_Final_Clean\MediaHub-Integrated_eurekaserver_apigateway\MediaHub-Integrated\editorial)
2026-07-16 15:37:23.438 DEBUG [restartedMain] c.m.editorial.EditorialApplication - Running with Spring Boot v3.3.4, Spring v6.1.13
2026-07-16 15:37:23.438 INFO  [restartedMain] c.m.editorial.EditorialApplication - No active profile set, falling back to 1 default profile: "default"
2026-07-16 15:37:25.012 INFO  [restartedMain] o.s.d.r.c.RepositoryConfigurationDelegate - Bootstrapping Spring Data JPA repositories in DEFAULT mode.
2026-07-16 15:37:25.085 INFO  [restartedMain] o.s.d.r.c.RepositoryConfigurationDelegate - Finished Spring Data repository scanning in 71 ms. Found 3 JPA repository interfaces.
2026-07-16 15:37:25.485 INFO  [restartedMain] o.s.cloud.context.scope.GenericScope - BeanFactory id=26bb47c5-9770-37cc-914b-dd74c318221b
2026-07-16 15:37:25.613 WARN  [restartedMain] o.s.c.s.PostProcessorRegistrationDelegate$BeanPostProcessorChecker - Bean 'org.springframework.cloud.client.loadbalancer.LoadBalancerAutoConfiguration$DeferringLoadBalancerInterceptorConfig' of type [org.springframework.cloud.client.loadbalancer.LoadBalancerAutoConfiguration$DeferringLoadBalancerInterceptorConfig] is not eligible for getting processed by all BeanPostProcessors (for example: not eligible for auto-proxying). The currently created BeanPostProcessor [lbRestClientPostProcessor] is declared through a non-static factory method on that class; consider declaring it as static instead.
2026-07-16 15:37:25.617 WARN  [restartedMain] o.s.c.s.PostProcessorRegistrationDelegate$BeanPostProcessorChecker - Bean 'deferringLoadBalancerInterceptor' of type [org.springframework.cloud.client.loadbalancer.DeferringLoadBalancerInterceptor] is not eligible for getting processed by all BeanPostProcessors (for example: not eligible for auto-proxying). Is this bean getting eagerly injected into a currently created BeanPostProcessor [lbRestClientPostProcessor]? Check the corresponding BeanPostProcessor declaration and its dependencies.
2026-07-16 15:37:25.626 WARN  [restartedMain] o.s.c.s.PostProcessorRegistrationDelegate$BeanPostProcessorChecker - Bean 'org.springframework.cloud.client.loadbalancer.reactive.LoadBalancerBeanPostProcessorAutoConfiguration' of type [org.springframework.cloud.client.loadbalancer.reactive.LoadBalancerBeanPostProcessorAutoConfiguration] is not eligible for getting processed by all BeanPostProcessors (for example: not eligible for auto-proxying). The currently created BeanPostProcessor [loadBalancerWebClientBuilderBeanPostProcessor] is declared through a non-static factory method on that class; consider declaring it as static instead.
2026-07-16 15:37:25.630 WARN  [restartedMain] o.s.c.s.PostProcessorRegistrationDelegate$BeanPostProcessorChecker - Bean 'org.springframework.cloud.client.loadbalancer.reactive.LoadBalancerBeanPostProcessorAutoConfiguration$ReactorDeferringLoadBalancerFilterConfig' of type [org.springframework.cloud.client.loadbalancer.reactive.LoadBalancerBeanPostProcessorAutoConfiguration$ReactorDeferringLoadBalancerFilterConfig] is not eligible for getting processed by all BeanPostProcessors (for example: not eligible for auto-proxying). Is this bean getting eagerly injected into a currently created BeanPostProcessor [loadBalancerWebClientBuilderBeanPostProcessor]? Check the corresponding BeanPostProcessor declaration and its dependencies.
2026-07-16 15:37:25.632 WARN  [restartedMain] o.s.c.s.PostProcessorRegistrationDelegate$BeanPostProcessorChecker - Bean 'reactorDeferringLoadBalancerExchangeFilterFunction' of type [org.springframework.cloud.client.loadbalancer.reactive.DeferringLoadBalancerExchangeFilterFunction] is not eligible for getting processed by all BeanPostProcessors (for example: not eligible for auto-proxying). Is this bean getting eagerly injected into a currently created BeanPostProcessor [loadBalancerWebClientBuilderBeanPostProcessor]? Check the corresponding BeanPostProcessor declaration and its dependencies.
2026-07-16 15:37:25.976 INFO  [restartedMain] o.s.b.w.e.tomcat.TomcatWebServer - Tomcat initialized with port 9097 (http)
2026-07-16 15:37:25.978 INFO  [restartedMain] o.a.coyote.http11.Http11NioProtocol - Initializing ProtocolHandler ["http-nio-9097"]
2026-07-16 15:37:25.979 INFO  [restartedMain] o.a.catalina.core.StandardService - Starting service [Tomcat]
2026-07-16 15:37:25.980 INFO  [restartedMain] o.a.catalina.core.StandardEngine - Starting Servlet engine: [Apache Tomcat/10.1.30]
2026-07-16 15:37:26.124 INFO  [restartedMain] o.a.c.c.C.[Tomcat].[localhost].[/] - Initializing Spring embedded WebApplicationContext
2026-07-16 15:37:26.124 INFO  [restartedMain] o.s.b.w.s.c.ServletWebServerApplicationContext - Root WebApplicationContext: initialization completed in 2677 ms
2026-07-16 15:37:26.468 DEBUG [restartedMain] c.m.editorial.security.JwtFilter - Filter 'jwtFilter' configured for use
2026-07-16 15:37:26.686 INFO  [restartedMain] o.h.jpa.internal.util.LogHelper - HHH000204: Processing PersistenceUnitInfo [name: default]
2026-07-16 15:37:26.693 INFO  [restartedMain] o.h.c.i.RegionFactoryInitiator - HHH000026: Second-level cache disabled
2026-07-16 15:37:26.714 INFO  [restartedMain] o.s.o.j.p.SpringPersistenceUnitInfo - No LoadTimeWeaver setup: ignoring JPA class transformer
2026-07-16 15:37:26.718 INFO  [restartedMain] com.zaxxer.hikari.HikariDataSource - HikariPool-3 - Starting...
2026-07-16 15:37:26.758 INFO  [restartedMain] com.zaxxer.hikari.pool.HikariPool - HikariPool-3 - Added connection com.mysql.cj.jdbc.ConnectionImpl@1c7b6ba3
2026-07-16 15:37:26.759 INFO  [restartedMain] com.zaxxer.hikari.HikariDataSource - HikariPool-3 - Start completed.
2026-07-16 15:37:26.989 INFO  [restartedMain] o.h.e.t.j.p.i.JtaPlatformInitiator - HHH000489: No JTA platform available (set 'hibernate.transaction.jta.platform' to enable JTA platform integration)
2026-07-16 15:37:27.007 INFO  [restartedMain] o.s.o.j.LocalContainerEntityManagerFactoryBean - Initialized JPA EntityManagerFactory for persistence unit 'default'
2026-07-16 15:37:27.510 WARN  [restartedMain] o.s.b.a.o.j.JpaBaseConfiguration$JpaWebConfiguration - spring.jpa.open-in-view is enabled by default. Therefore, database queries may be performed during view rendering. Explicitly configure spring.jpa.open-in-view to disable this warning
2026-07-16 15:37:27.590 WARN  [restartedMain] o.s.b.a.s.s.UserDetailsServiceAutoConfiguration - 

Using generated security password: 7a5b022d-01d2-49a1-858e-171d61213e92

This generated password is for development use only. Your security configuration must be updated before running your application in production.

2026-07-16 15:37:27.596 INFO  [restartedMain] o.s.s.c.a.a.c.InitializeUserDetailsBeanManagerConfigurer$InitializeUserDetailsManagerConfigurer - Global AuthenticationManager configured with UserDetailsService bean with name inMemoryUserDetailsManager
2026-07-16 15:37:28.432 INFO  [restartedMain] o.s.b.a.e.web.EndpointLinksResolver - Exposing 5 endpoints beneath base path '/actuator'
2026-07-16 15:37:29.477 INFO  [restartedMain] o.s.b.d.a.OptionalLiveReloadServer - LiveReload server is running on port 35729
2026-07-16 15:37:29.539 INFO  [restartedMain] o.s.c.n.e.c.DiscoveryClientOptionalArgsConfiguration - Eureka HTTP Client uses RestTemplate.
2026-07-16 15:37:29.648 WARN  [restartedMain] o.s.c.l.c.LoadBalancerCacheAutoConfiguration$LoadBalancerCaffeineWarnLogger - Spring Cloud LoadBalancer is currently working with the default cache. While this cache implementation is useful for development and tests, it's recommended to use Caffeine cache in production.You can switch to using Caffeine cache, by adding it and org.springframework.cache.caffeine.CaffeineCacheManager to the classpath.
2026-07-16 15:37:29.693 INFO  [restartedMain] o.s.c.n.eureka.InstanceInfoFactory - Setting initial instance status as: STARTING
2026-07-16 15:37:29.699 INFO  [restartedMain] c.netflix.discovery.DiscoveryClient - Initializing Eureka in region us-east-1
2026-07-16 15:37:29.700 INFO  [restartedMain] c.n.d.s.r.aws.ConfigClusterResolver - Resolving eureka endpoints via configuration
2026-07-16 15:37:29.700 INFO  [restartedMain] c.netflix.discovery.DiscoveryClient - Disable delta property : false
2026-07-16 15:37:29.700 INFO  [restartedMain] c.netflix.discovery.DiscoveryClient - Single vip registry refresh property : null
2026-07-16 15:37:29.700 INFO  [restartedMain] c.netflix.discovery.DiscoveryClient - Force full registry fetch : false
2026-07-16 15:37:29.700 INFO  [restartedMain] c.netflix.discovery.DiscoveryClient - Application is null : false
2026-07-16 15:37:29.700 INFO  [restartedMain] c.netflix.discovery.DiscoveryClient - Registered Applications size is zero : true
2026-07-16 15:37:29.700 INFO  [restartedMain] c.netflix.discovery.DiscoveryClient - Application version is -1: true
2026-07-16 15:37:29.700 INFO  [restartedMain] c.netflix.discovery.DiscoveryClient - Getting all instance registry info from the eureka server
2026-07-16 15:37:29.762 INFO  [restartedMain] c.netflix.discovery.DiscoveryClient - The response status is 200
2026-07-16 15:37:29.764 INFO  [restartedMain] c.netflix.discovery.DiscoveryClient - Starting heartbeat executor: renew interval is: 10
2026-07-16 15:37:29.764 INFO  [restartedMain] c.n.discovery.InstanceInfoReplicator - InstanceInfoReplicator onDemand update allowed rate per min is 4
2026-07-16 15:37:29.765 INFO  [restartedMain] c.netflix.discovery.DiscoveryClient - Discovery Client initialized at timestamp 1784196449765 with initial instances count: 5
2026-07-16 15:37:29.777 INFO  [restartedMain] o.s.c.n.e.s.EurekaServiceRegistry - Registering application MEDIAHUB-EDITORIAL with eureka with status UP
2026-07-16 15:37:29.778 INFO  [restartedMain] c.netflix.discovery.DiscoveryClient - Saw local status change event StatusChangeEvent [timestamp=1784196449778, current=UP, previous=STARTING]
2026-07-16 15:37:29.778 INFO  [DiscoveryClient-InstanceInfoReplicator-%d] c.netflix.discovery.DiscoveryClient - DiscoveryClient_MEDIAHUB-EDITORIAL/LTIN710006.cts.com:mediahub-editorial:9097: registering service...
2026-07-16 15:37:29.779 INFO  [restartedMain] o.a.coyote.http11.Http11NioProtocol - Starting ProtocolHandler ["http-nio-9097"]
2026-07-16 15:37:29.793 INFO  [restartedMain] o.s.b.w.e.tomcat.TomcatWebServer - Tomcat started on port 9097 (http) with context path '/'
2026-07-16 15:37:29.794 INFO  [restartedMain] o.s.c.n.e.s.EurekaAutoServiceRegistration - Updating port to 9097
2026-07-16 15:37:29.803 INFO  [DiscoveryClient-InstanceInfoReplicator-%d] c.netflix.discovery.DiscoveryClient - DiscoveryClient_MEDIAHUB-EDITORIAL/LTIN710006.cts.com:mediahub-editorial:9097 - registration status: 204
2026-07-16 15:37:29.834 INFO  [restartedMain] c.m.editorial.EditorialApplication - Started EditorialApplication in 6.57 seconds (process running for 244.002)
2026-07-16 15:37:29.837 INFO  [restartedMain] o.s.b.d.a.ConditionEvaluationDeltaLoggingListener - Condition evaluation unchanged
2026-07-16 15:37:29.837 INFO  [restartedMain] c.m.editorial.EditorialApplication - EditorialApplication started successfully
2026-07-16 15:42:29.703 INFO  [AsyncResolver-bootstrap-executor-%d] c.n.d.s.r.aws.ConfigClusterResolver - Resolving eureka endpoints via configuration
2026-07-16 15:47:29.705 INFO  [AsyncResolver-bootstrap-executor-%d] c.n.d.s.r.aws.ConfigClusterResolver - Resolving eureka endpoints via configuration
2026-07-16 15:52:29.707 INFO  [AsyncResolver-bootstrap-executor-%d] c.n.d.s.r.aws.ConfigClusterResolver - Resolving eureka endpoints via configuration
2026-07-16 15:57:29.708 INFO  [AsyncResolver-bootstrap-executor-%d] c.n.d.s.r.aws.ConfigClusterResolver - Resolving eureka endpoints via configuration
2026-07-16 16:02:29.710 INFO  [AsyncResolver-bootstrap-executor-%d] c.n.d.s.r.aws.ConfigClusterResolver - Resolving eureka endpoints via configuration
2026-07-16 16:04:56.779 INFO  [restartedMain] c.m.editorial.EditorialApplication - Starting EditorialApplication using Java 21.0.2 with PID 17196 (C:\Users\2506597\Downloads\MediaHub_Final_Clean\MediaHub-Integrated_eurekaserver_apigateway\MediaHub-Integrated\editorial\target\classes started by 2506597 in C:\Users\2506597\Downloads\MediaHub_Final_Clean\MediaHub-Integrated_eurekaserver_apigateway\MediaHub-Integrated\editorial)
2026-07-16 16:04:56.781 DEBUG [restartedMain] c.m.editorial.EditorialApplication - Running with Spring Boot v3.3.4, Spring v6.1.13
2026-07-16 16:04:56.783 INFO  [restartedMain] c.m.editorial.EditorialApplication - No active profile set, falling back to 1 default profile: "default"
2026-07-16 16:04:56.861 INFO  [restartedMain] o.s.b.d.e.DevToolsPropertyDefaultsPostProcessor - Devtools property defaults active! Set 'spring.devtools.add-properties' to 'false' to disable
2026-07-16 16:04:56.861 INFO  [restartedMain] o.s.b.d.e.DevToolsPropertyDefaultsPostProcessor - For additional web related logging consider setting the 'logging.level.web' property to 'DEBUG'
2026-07-16 16:04:58.241 INFO  [restartedMain] o.s.d.r.c.RepositoryConfigurationDelegate - Bootstrapping Spring Data JPA repositories in DEFAULT mode.
2026-07-16 16:04:58.413 INFO  [restartedMain] o.s.d.r.c.RepositoryConfigurationDelegate - Finished Spring Data repository scanning in 163 ms. Found 3 JPA repository interfaces.
2026-07-16 16:04:58.792 INFO  [restartedMain] o.s.cloud.context.scope.GenericScope - BeanFactory id=26bb47c5-9770-37cc-914b-dd74c318221b
2026-07-16 16:04:59.373 WARN  [restartedMain] o.s.c.s.PostProcessorRegistrationDelegate$BeanPostProcessorChecker - Bean 'org.springframework.cloud.client.loadbalancer.LoadBalancerAutoConfiguration$DeferringLoadBalancerInterceptorConfig' of type [org.springframework.cloud.client.loadbalancer.LoadBalancerAutoConfiguration$DeferringLoadBalancerInterceptorConfig] is not eligible for getting processed by all BeanPostProcessors (for example: not eligible for auto-proxying). The currently created BeanPostProcessor [lbRestClientPostProcessor] is declared through a non-static factory method on that class; consider declaring it as static instead.
2026-07-16 16:04:59.382 WARN  [restartedMain] o.s.c.s.PostProcessorRegistrationDelegate$BeanPostProcessorChecker - Bean 'deferringLoadBalancerInterceptor' of type [org.springframework.cloud.client.loadbalancer.DeferringLoadBalancerInterceptor] is not eligible for getting processed by all BeanPostProcessors (for example: not eligible for auto-proxying). Is this bean getting eagerly injected into a currently created BeanPostProcessor [lbRestClientPostProcessor]? Check the corresponding BeanPostProcessor declaration and its dependencies.
2026-07-16 16:04:59.392 WARN  [restartedMain] o.s.c.s.PostProcessorRegistrationDelegate$BeanPostProcessorChecker - Bean 'org.springframework.cloud.client.loadbalancer.reactive.LoadBalancerBeanPostProcessorAutoConfiguration' of type [org.springframework.cloud.client.loadbalancer.reactive.LoadBalancerBeanPostProcessorAutoConfiguration] is not eligible for getting processed by all BeanPostProcessors (for example: not eligible for auto-proxying). The currently created BeanPostProcessor [loadBalancerWebClientBuilderBeanPostProcessor] is declared through a non-static factory method on that class; consider declaring it as static instead.
2026-07-16 16:04:59.399 WARN  [restartedMain] o.s.c.s.PostProcessorRegistrationDelegate$BeanPostProcessorChecker - Bean 'org.springframework.cloud.client.loadbalancer.reactive.LoadBalancerBeanPostProcessorAutoConfiguration$ReactorDeferringLoadBalancerFilterConfig' of type [org.springframework.cloud.client.loadbalancer.reactive.LoadBalancerBeanPostProcessorAutoConfiguration$ReactorDeferringLoadBalancerFilterConfig] is not eligible for getting processed by all BeanPostProcessors (for example: not eligible for auto-proxying). Is this bean getting eagerly injected into a currently created BeanPostProcessor [loadBalancerWebClientBuilderBeanPostProcessor]? Check the corresponding BeanPostProcessor declaration and its dependencies.
2026-07-16 16:04:59.403 WARN  [restartedMain] o.s.c.s.PostProcessorRegistrationDelegate$BeanPostProcessorChecker - Bean 'reactorDeferringLoadBalancerExchangeFilterFunction' of type [org.springframework.cloud.client.loadbalancer.reactive.DeferringLoadBalancerExchangeFilterFunction] is not eligible for getting processed by all BeanPostProcessors (for example: not eligible for auto-proxying). Is this bean getting eagerly injected into a currently created BeanPostProcessor [loadBalancerWebClientBuilderBeanPostProcessor]? Check the corresponding BeanPostProcessor declaration and its dependencies.
2026-07-16 16:05:00.138 INFO  [restartedMain] o.s.b.w.e.tomcat.TomcatWebServer - Tomcat initialized with port 9097 (http)
2026-07-16 16:05:00.170 INFO  [restartedMain] o.a.coyote.http11.Http11NioProtocol - Initializing ProtocolHandler ["http-nio-9097"]
2026-07-16 16:05:00.175 INFO  [restartedMain] o.a.catalina.core.StandardService - Starting service [Tomcat]
2026-07-16 16:05:00.175 INFO  [restartedMain] o.a.catalina.core.StandardEngine - Starting Servlet engine: [Apache Tomcat/10.1.30]
2026-07-16 16:05:00.296 INFO  [restartedMain] o.a.c.c.C.[Tomcat].[localhost].[/] - Initializing Spring embedded WebApplicationContext
2026-07-16 16:05:00.296 INFO  [restartedMain] o.s.b.w.s.c.ServletWebServerApplicationContext - Root WebApplicationContext: initialization completed in 3433 ms
2026-07-16 16:05:00.671 DEBUG [restartedMain] c.m.editorial.security.JwtFilter - Filter 'jwtFilter' configured for use
2026-07-16 16:05:00.863 INFO  [restartedMain] o.h.jpa.internal.util.LogHelper - HHH000204: Processing PersistenceUnitInfo [name: default]
2026-07-16 16:05:01.003 INFO  [restartedMain] org.hibernate.Version - HHH000412: Hibernate ORM core version 6.5.3.Final
2026-07-16 16:05:01.068 INFO  [restartedMain] o.h.c.i.RegionFactoryInitiator - HHH000026: Second-level cache disabled
2026-07-16 16:05:01.426 INFO  [restartedMain] o.s.o.j.p.SpringPersistenceUnitInfo - No LoadTimeWeaver setup: ignoring JPA class transformer
2026-07-16 16:05:01.483 INFO  [restartedMain] com.zaxxer.hikari.HikariDataSource - HikariPool-1 - Starting...
2026-07-16 16:05:01.875 INFO  [restartedMain] com.zaxxer.hikari.pool.HikariPool - HikariPool-1 - Added connection com.mysql.cj.jdbc.ConnectionImpl@67e546a1
2026-07-16 16:05:01.877 INFO  [restartedMain] com.zaxxer.hikari.HikariDataSource - HikariPool-1 - Start completed.
2026-07-16 16:05:03.336 INFO  [restartedMain] o.h.e.t.j.p.i.JtaPlatformInitiator - HHH000489: No JTA platform available (set 'hibernate.transaction.jta.platform' to enable JTA platform integration)
2026-07-16 16:05:03.421 INFO  [restartedMain] o.s.o.j.LocalContainerEntityManagerFactoryBean - Initialized JPA EntityManagerFactory for persistence unit 'default'
2026-07-16 16:05:04.360 WARN  [restartedMain] o.s.b.a.o.j.JpaBaseConfiguration$JpaWebConfiguration - spring.jpa.open-in-view is enabled by default. Therefore, database queries may be performed during view rendering. Explicitly configure spring.jpa.open-in-view to disable this warning
2026-07-16 16:05:04.407 WARN  [restartedMain] o.s.b.a.s.s.UserDetailsServiceAutoConfiguration - 

Using generated security password: ff532bbd-6bb6-4d65-8c96-8600d9aed636

This generated password is for development use only. Your security configuration must be updated before running your application in production.

2026-07-16 16:05:04.467 INFO  [restartedMain] o.s.s.c.a.a.c.InitializeUserDetailsBeanManagerConfigurer$InitializeUserDetailsManagerConfigurer - Global AuthenticationManager configured with UserDetailsService bean with name inMemoryUserDetailsManager
2026-07-16 16:05:05.351 INFO  [restartedMain] o.s.b.a.e.web.EndpointLinksResolver - Exposing 5 endpoints beneath base path '/actuator'
2026-07-16 16:05:06.130 WARN  [restartedMain] o.s.b.d.a.OptionalLiveReloadServer - Unable to start LiveReload server
2026-07-16 16:05:06.214 INFO  [restartedMain] o.s.c.n.e.c.DiscoveryClientOptionalArgsConfiguration - Eureka HTTP Client uses RestTemplate.
2026-07-16 16:05:06.297 WARN  [restartedMain] o.s.c.l.c.LoadBalancerCacheAutoConfiguration$LoadBalancerCaffeineWarnLogger - Spring Cloud LoadBalancer is currently working with the default cache. While this cache implementation is useful for development and tests, it's recommended to use Caffeine cache in production.You can switch to using Caffeine cache, by adding it and org.springframework.cache.caffeine.CaffeineCacheManager to the classpath.
2026-07-16 16:05:06.413 INFO  [restartedMain] o.s.c.n.eureka.InstanceInfoFactory - Setting initial instance status as: STARTING
2026-07-16 16:05:06.448 INFO  [restartedMain] c.netflix.discovery.DiscoveryClient - Initializing Eureka in region us-east-1
2026-07-16 16:05:06.458 INFO  [restartedMain] c.n.d.s.r.aws.ConfigClusterResolver - Resolving eureka endpoints via configuration
2026-07-16 16:05:06.475 INFO  [restartedMain] c.netflix.discovery.DiscoveryClient - Disable delta property : false
2026-07-16 16:05:06.475 INFO  [restartedMain] c.netflix.discovery.DiscoveryClient - Single vip registry refresh property : null
2026-07-16 16:05:06.475 INFO  [restartedMain] c.netflix.discovery.DiscoveryClient - Force full registry fetch : false
2026-07-16 16:05:06.475 INFO  [restartedMain] c.netflix.discovery.DiscoveryClient - Application is null : false
2026-07-16 16:05:06.475 INFO  [restartedMain] c.netflix.discovery.DiscoveryClient - Registered Applications size is zero : true
2026-07-16 16:05:06.475 INFO  [restartedMain] c.netflix.discovery.DiscoveryClient - Application version is -1: true
2026-07-16 16:05:06.478 INFO  [restartedMain] c.netflix.discovery.DiscoveryClient - Getting all instance registry info from the eureka server
2026-07-16 16:05:07.098 INFO  [restartedMain] c.netflix.discovery.DiscoveryClient - The response status is 200
2026-07-16 16:05:07.102 INFO  [restartedMain] c.netflix.discovery.DiscoveryClient - Starting heartbeat executor: renew interval is: 10
2026-07-16 16:05:07.106 INFO  [restartedMain] c.n.discovery.InstanceInfoReplicator - InstanceInfoReplicator onDemand update allowed rate per min is 4
2026-07-16 16:05:07.109 INFO  [restartedMain] c.netflix.discovery.DiscoveryClient - Discovery Client initialized at timestamp 1784198107107 with initial instances count: 5
2026-07-16 16:05:07.117 INFO  [restartedMain] o.s.c.n.e.s.EurekaServiceRegistry - Registering application MEDIAHUB-EDITORIAL with eureka with status UP
2026-07-16 16:05:07.117 INFO  [restartedMain] c.netflix.discovery.DiscoveryClient - Saw local status change event StatusChangeEvent [timestamp=1784198107117, current=UP, previous=STARTING]
2026-07-16 16:05:07.119 INFO  [restartedMain] o.a.coyote.http11.Http11NioProtocol - Starting ProtocolHandler ["http-nio-9097"]
2026-07-16 16:05:07.120 INFO  [DiscoveryClient-InstanceInfoReplicator-%d] c.netflix.discovery.DiscoveryClient - DiscoveryClient_MEDIAHUB-EDITORIAL/LTIN710006.cts.com:mediahub-editorial:9097: registering service...
2026-07-16 16:05:07.135 INFO  [restartedMain] o.s.c.n.e.s.EurekaServiceRegistry - Unregistering application MEDIAHUB-EDITORIAL with eureka with status DOWN
2026-07-16 16:05:07.135 INFO  [restartedMain] c.netflix.discovery.DiscoveryClient - Saw local status change event StatusChangeEvent [timestamp=1784198107135, current=DOWN, previous=UP]
2026-07-16 16:05:07.135 WARN  [restartedMain] o.s.b.w.s.c.AnnotationConfigServletWebServerApplicationContext - Exception encountered during context initialization - cancelling refresh attempt: org.springframework.context.ApplicationContextException: Failed to start bean 'webServerStartStop'
2026-07-16 16:05:07.146 INFO  [restartedMain] o.s.o.j.LocalContainerEntityManagerFactoryBean - Closing JPA EntityManagerFactory for persistence unit 'default'
2026-07-16 16:05:07.151 INFO  [restartedMain] com.zaxxer.hikari.HikariDataSource - HikariPool-1 - Shutdown initiated...
2026-07-16 16:05:07.160 INFO  [restartedMain] com.zaxxer.hikari.HikariDataSource - HikariPool-1 - Shutdown completed.
2026-07-16 16:05:07.161 INFO  [restartedMain] c.netflix.discovery.DiscoveryClient - Shutting down DiscoveryClient ...
2026-07-16 16:05:07.169 INFO  [DiscoveryClient-InstanceInfoReplicator-%d] c.netflix.discovery.DiscoveryClient - DiscoveryClient_MEDIAHUB-EDITORIAL/LTIN710006.cts.com:mediahub-editorial:9097 - registration status: 204
2026-07-16 16:05:07.170 INFO  [DiscoveryClient-InstanceInfoReplicator-%d] c.netflix.discovery.DiscoveryClient - DiscoveryClient_MEDIAHUB-EDITORIAL/LTIN710006.cts.com:mediahub-editorial:9097: registering service...
2026-07-16 16:05:07.174 INFO  [DiscoveryClient-InstanceInfoReplicator-%d] c.netflix.discovery.DiscoveryClient - DiscoveryClient_MEDIAHUB-EDITORIAL/LTIN710006.cts.com:mediahub-editorial:9097 - registration status: 204
2026-07-16 16:05:07.174 INFO  [restartedMain] c.netflix.discovery.DiscoveryClient - Unregistering ...
2026-07-16 16:05:07.179 INFO  [restartedMain] c.netflix.discovery.DiscoveryClient - DiscoveryClient_MEDIAHUB-EDITORIAL/LTIN710006.cts.com:mediahub-editorial:9097 - deregister  status: 200
2026-07-16 16:05:07.179 INFO  [restartedMain] c.netflix.discovery.DiscoveryClient - Completed shut down of DiscoveryClient
2026-07-16 16:05:07.198 INFO  [restartedMain] o.s.b.a.l.ConditionEvaluationReportLogger - 

Error starting ApplicationContext. To display the condition evaluation report re-run your application with 'debug' enabled.
2026-07-16 16:05:07.232 ERROR [restartedMain] o.s.b.d.LoggingFailureAnalysisReporter - 

***************************
APPLICATION FAILED TO START
***************************

Description:

Web server failed to start. Port 9097 was already in use.

Action:

Identify and stop the process that's listening on port 9097 or configure this application to listen on another port.

2026-07-16 16:05:11.704 INFO  [DiscoveryClient-HeartbeatExecutor-%d] c.netflix.discovery.DiscoveryClient - DiscoveryClient_MEDIAHUB-EDITORIAL/LTIN710006.cts.com:mediahub-editorial:9097 - Re-registering apps/MEDIAHUB-EDITORIAL
2026-07-16 16:05:11.704 INFO  [DiscoveryClient-HeartbeatExecutor-%d] c.netflix.discovery.DiscoveryClient - DiscoveryClient_MEDIAHUB-EDITORIAL/LTIN710006.cts.com:mediahub-editorial:9097: registering service...
2026-07-16 16:05:11.717 INFO  [DiscoveryClient-HeartbeatExecutor-%d] c.netflix.discovery.DiscoveryClient - DiscoveryClient_MEDIAHUB-EDITORIAL/LTIN710006.cts.com:mediahub-editorial:9097 - registration status: 204
2026-07-16 16:07:04.083 INFO  [restartedMain] c.m.editorial.EditorialApplication - Starting EditorialApplication using Java 21.0.2 with PID 30084 (C:\Users\2506597\Downloads\MediaHub_Final_Clean\MediaHub-Integrated_eurekaserver_apigateway\MediaHub-Integrated\editorial\target\classes started by 2506597 in C:\Users\2506597\Downloads\MediaHub_Final_Clean\MediaHub-Integrated_eurekaserver_apigateway\MediaHub-Integrated\editorial)
2026-07-16 16:07:04.083 DEBUG [restartedMain] c.m.editorial.EditorialApplication - Running with Spring Boot v3.3.4, Spring v6.1.13
2026-07-16 16:07:04.085 INFO  [restartedMain] c.m.editorial.EditorialApplication - No active profile set, falling back to 1 default profile: "default"
2026-07-16 16:07:04.128 INFO  [restartedMain] o.s.b.d.e.DevToolsPropertyDefaultsPostProcessor - Devtools property defaults active! Set 'spring.devtools.add-properties' to 'false' to disable
2026-07-16 16:07:04.129 INFO  [restartedMain] o.s.b.d.e.DevToolsPropertyDefaultsPostProcessor - For additional web related logging consider setting the 'logging.level.web' property to 'DEBUG'
2026-07-16 16:07:05.290 INFO  [restartedMain] o.s.d.r.c.RepositoryConfigurationDelegate - Bootstrapping Spring Data JPA repositories in DEFAULT mode.
2026-07-16 16:07:05.437 INFO  [restartedMain] o.s.d.r.c.RepositoryConfigurationDelegate - Finished Spring Data repository scanning in 140 ms. Found 3 JPA repository interfaces.
2026-07-16 16:07:05.759 INFO  [restartedMain] o.s.cloud.context.scope.GenericScope - BeanFactory id=26bb47c5-9770-37cc-914b-dd74c318221b
2026-07-16 16:07:06.046 WARN  [restartedMain] o.s.c.s.PostProcessorRegistrationDelegate$BeanPostProcessorChecker - Bean 'org.springframework.cloud.client.loadbalancer.LoadBalancerAutoConfiguration$DeferringLoadBalancerInterceptorConfig' of type [org.springframework.cloud.client.loadbalancer.LoadBalancerAutoConfiguration$DeferringLoadBalancerInterceptorConfig] is not eligible for getting processed by all BeanPostProcessors (for example: not eligible for auto-proxying). The currently created BeanPostProcessor [lbRestClientPostProcessor] is declared through a non-static factory method on that class; consider declaring it as static instead.
2026-07-16 16:07:06.046 WARN  [restartedMain] o.s.c.s.PostProcessorRegistrationDelegate$BeanPostProcessorChecker - Bean 'deferringLoadBalancerInterceptor' of type [org.springframework.cloud.client.loadbalancer.DeferringLoadBalancerInterceptor] is not eligible for getting processed by all BeanPostProcessors (for example: not eligible for auto-proxying). Is this bean getting eagerly injected into a currently created BeanPostProcessor [lbRestClientPostProcessor]? Check the corresponding BeanPostProcessor declaration and its dependencies.
2026-07-16 16:07:06.046 WARN  [restartedMain] o.s.c.s.PostProcessorRegistrationDelegate$BeanPostProcessorChecker - Bean 'org.springframework.cloud.client.loadbalancer.reactive.LoadBalancerBeanPostProcessorAutoConfiguration' of type [org.springframework.cloud.client.loadbalancer.reactive.LoadBalancerBeanPostProcessorAutoConfiguration] is not eligible for getting processed by all BeanPostProcessors (for example: not eligible for auto-proxying). The currently created BeanPostProcessor [loadBalancerWebClientBuilderBeanPostProcessor] is declared through a non-static factory method on that class; consider declaring it as static instead.
2026-07-16 16:07:06.056 WARN  [restartedMain] o.s.c.s.PostProcessorRegistrationDelegate$BeanPostProcessorChecker - Bean 'org.springframework.cloud.client.loadbalancer.reactive.LoadBalancerBeanPostProcessorAutoConfiguration$ReactorDeferringLoadBalancerFilterConfig' of type [org.springframework.cloud.client.loadbalancer.reactive.LoadBalancerBeanPostProcessorAutoConfiguration$ReactorDeferringLoadBalancerFilterConfig] is not eligible for getting processed by all BeanPostProcessors (for example: not eligible for auto-proxying). Is this bean getting eagerly injected into a currently created BeanPostProcessor [loadBalancerWebClientBuilderBeanPostProcessor]? Check the corresponding BeanPostProcessor declaration and its dependencies.
2026-07-16 16:07:06.060 WARN  [restartedMain] o.s.c.s.PostProcessorRegistrationDelegate$BeanPostProcessorChecker - Bean 'reactorDeferringLoadBalancerExchangeFilterFunction' of type [org.springframework.cloud.client.loadbalancer.reactive.DeferringLoadBalancerExchangeFilterFunction] is not eligible for getting processed by all BeanPostProcessors (for example: not eligible for auto-proxying). Is this bean getting eagerly injected into a currently created BeanPostProcessor [loadBalancerWebClientBuilderBeanPostProcessor]? Check the corresponding BeanPostProcessor declaration and its dependencies.
2026-07-16 16:07:06.475 INFO  [restartedMain] o.s.b.w.e.tomcat.TomcatWebServer - Tomcat initialized with port 9097 (http)
2026-07-16 16:07:06.475 INFO  [restartedMain] o.a.coyote.http11.Http11NioProtocol - Initializing ProtocolHandler ["http-nio-9097"]
2026-07-16 16:07:06.492 INFO  [restartedMain] o.a.catalina.core.StandardService - Starting service [Tomcat]
2026-07-16 16:07:06.492 INFO  [restartedMain] o.a.catalina.core.StandardEngine - Starting Servlet engine: [Apache Tomcat/10.1.30]
2026-07-16 16:07:06.566 INFO  [restartedMain] o.a.c.c.C.[Tomcat].[localhost].[/] - Initializing Spring embedded WebApplicationContext
2026-07-16 16:07:06.567 INFO  [restartedMain] o.s.b.w.s.c.ServletWebServerApplicationContext - Root WebApplicationContext: initialization completed in 2438 ms
2026-07-16 16:07:06.788 DEBUG [restartedMain] c.m.editorial.security.JwtFilter - Filter 'jwtFilter' configured for use
2026-07-16 16:07:06.906 INFO  [restartedMain] o.h.jpa.internal.util.LogHelper - HHH000204: Processing PersistenceUnitInfo [name: default]
2026-07-16 16:07:06.959 INFO  [restartedMain] org.hibernate.Version - HHH000412: Hibernate ORM core version 6.5.3.Final
2026-07-16 16:07:06.993 INFO  [restartedMain] o.h.c.i.RegionFactoryInitiator - HHH000026: Second-level cache disabled
2026-07-16 16:07:07.286 INFO  [restartedMain] o.s.o.j.p.SpringPersistenceUnitInfo - No LoadTimeWeaver setup: ignoring JPA class transformer
2026-07-16 16:07:07.326 INFO  [restartedMain] com.zaxxer.hikari.HikariDataSource - HikariPool-1 - Starting...
2026-07-16 16:07:07.628 INFO  [restartedMain] com.zaxxer.hikari.pool.HikariPool - HikariPool-1 - Added connection com.mysql.cj.jdbc.ConnectionImpl@588a72fd
2026-07-16 16:07:07.630 INFO  [restartedMain] com.zaxxer.hikari.HikariDataSource - HikariPool-1 - Start completed.
2026-07-16 16:07:08.612 INFO  [restartedMain] o.h.e.t.j.p.i.JtaPlatformInitiator - HHH000489: No JTA platform available (set 'hibernate.transaction.jta.platform' to enable JTA platform integration)
2026-07-16 16:07:08.709 INFO  [restartedMain] o.s.o.j.LocalContainerEntityManagerFactoryBean - Initialized JPA EntityManagerFactory for persistence unit 'default'
2026-07-16 16:07:09.353 WARN  [restartedMain] o.s.b.a.o.j.JpaBaseConfiguration$JpaWebConfiguration - spring.jpa.open-in-view is enabled by default. Therefore, database queries may be performed during view rendering. Explicitly configure spring.jpa.open-in-view to disable this warning
2026-07-16 16:07:09.408 WARN  [restartedMain] o.s.b.a.s.s.UserDetailsServiceAutoConfiguration - 

Using generated security password: a19312a4-0b5c-4638-aaf9-b94e9d5c406d

This generated password is for development use only. Your security configuration must be updated before running your application in production.

2026-07-16 16:07:09.436 INFO  [restartedMain] o.s.s.c.a.a.c.InitializeUserDetailsBeanManagerConfigurer$InitializeUserDetailsManagerConfigurer - Global AuthenticationManager configured with UserDetailsService bean with name inMemoryUserDetailsManager
2026-07-16 16:07:10.169 INFO  [restartedMain] o.s.b.a.e.web.EndpointLinksResolver - Exposing 5 endpoints beneath base path '/actuator'
2026-07-16 16:07:10.701 INFO  [restartedMain] o.s.b.d.a.OptionalLiveReloadServer - LiveReload server is running on port 35729
2026-07-16 16:07:10.750 INFO  [restartedMain] o.s.c.n.e.c.DiscoveryClientOptionalArgsConfiguration - Eureka HTTP Client uses RestTemplate.
2026-07-16 16:07:10.826 WARN  [restartedMain] o.s.c.l.c.LoadBalancerCacheAutoConfiguration$LoadBalancerCaffeineWarnLogger - Spring Cloud LoadBalancer is currently working with the default cache. While this cache implementation is useful for development and tests, it's recommended to use Caffeine cache in production.You can switch to using Caffeine cache, by adding it and org.springframework.cache.caffeine.CaffeineCacheManager to the classpath.
2026-07-16 16:07:10.887 INFO  [restartedMain] o.s.c.n.eureka.InstanceInfoFactory - Setting initial instance status as: STARTING
2026-07-16 16:07:10.913 INFO  [restartedMain] c.netflix.discovery.DiscoveryClient - Initializing Eureka in region us-east-1
2026-07-16 16:07:10.924 INFO  [restartedMain] c.n.d.s.r.aws.ConfigClusterResolver - Resolving eureka endpoints via configuration
2026-07-16 16:07:10.944 INFO  [restartedMain] c.netflix.discovery.DiscoveryClient - Disable delta property : false
2026-07-16 16:07:10.944 INFO  [restartedMain] c.netflix.discovery.DiscoveryClient - Single vip registry refresh property : null
2026-07-16 16:07:10.944 INFO  [restartedMain] c.netflix.discovery.DiscoveryClient - Force full registry fetch : false
2026-07-16 16:07:10.944 INFO  [restartedMain] c.netflix.discovery.DiscoveryClient - Application is null : false
2026-07-16 16:07:10.944 INFO  [restartedMain] c.netflix.discovery.DiscoveryClient - Registered Applications size is zero : true
2026-07-16 16:07:10.944 INFO  [restartedMain] c.netflix.discovery.DiscoveryClient - Application version is -1: true
2026-07-16 16:07:10.944 INFO  [restartedMain] c.netflix.discovery.DiscoveryClient - Getting all instance registry info from the eureka server
2026-07-16 16:07:11.346 INFO  [restartedMain] c.netflix.discovery.DiscoveryClient - The response status is 200
2026-07-16 16:07:11.348 INFO  [restartedMain] c.netflix.discovery.DiscoveryClient - Starting heartbeat executor: renew interval is: 10
2026-07-16 16:07:11.352 INFO  [restartedMain] c.n.discovery.InstanceInfoReplicator - InstanceInfoReplicator onDemand update allowed rate per min is 4
2026-07-16 16:07:11.355 INFO  [restartedMain] c.netflix.discovery.DiscoveryClient - Discovery Client initialized at timestamp 1784198231354 with initial instances count: 5
2026-07-16 16:07:11.360 INFO  [restartedMain] o.s.c.n.e.s.EurekaServiceRegistry - Registering application MEDIAHUB-EDITORIAL with eureka with status UP
2026-07-16 16:07:11.360 INFO  [restartedMain] c.netflix.discovery.DiscoveryClient - Saw local status change event StatusChangeEvent [timestamp=1784198231360, current=UP, previous=STARTING]
2026-07-16 16:07:11.368 INFO  [restartedMain] o.a.coyote.http11.Http11NioProtocol - Starting ProtocolHandler ["http-nio-9097"]
2026-07-16 16:07:11.370 INFO  [DiscoveryClient-InstanceInfoReplicator-%d] c.netflix.discovery.DiscoveryClient - DiscoveryClient_MEDIAHUB-EDITORIAL/LTIN710006.cts.com:mediahub-editorial:9097: registering service...
2026-07-16 16:07:11.415 INFO  [restartedMain] o.s.b.w.e.tomcat.TomcatWebServer - Tomcat started on port 9097 (http) with context path '/'
2026-07-16 16:07:11.415 INFO  [restartedMain] o.s.c.n.e.s.EurekaAutoServiceRegistration - Updating port to 9097
2026-07-16 16:07:11.433 INFO  [DiscoveryClient-InstanceInfoReplicator-%d] c.netflix.discovery.DiscoveryClient - DiscoveryClient_MEDIAHUB-EDITORIAL/LTIN710006.cts.com:mediahub-editorial:9097 - registration status: 204
2026-07-16 16:07:11.448 INFO  [restartedMain] c.m.editorial.EditorialApplication - Started EditorialApplication in 7.978 seconds (process running for 8.535)
2026-07-16 16:07:11.558 INFO  [restartedMain] c.m.editorial.EditorialApplication - EditorialApplication started successfully
2026-07-16 16:12:10.964 INFO  [AsyncResolver-bootstrap-executor-%d] c.n.d.s.r.aws.ConfigClusterResolver - Resolving eureka endpoints via configuration
2026-07-16 16:17:10.977 INFO  [AsyncResolver-bootstrap-executor-%d] c.n.d.s.r.aws.ConfigClusterResolver - Resolving eureka endpoints via configuration
2026-07-16 16:22:10.990 INFO  [AsyncResolver-bootstrap-executor-%d] c.n.d.s.r.aws.ConfigClusterResolver - Resolving eureka endpoints via configuration
2026-07-16 16:27:10.995 INFO  [AsyncResolver-bootstrap-executor-%d] c.n.d.s.r.aws.ConfigClusterResolver - Resolving eureka endpoints via configuration
2026-07-16 16:32:11.005 INFO  [AsyncResolver-bootstrap-executor-%d] c.n.d.s.r.aws.ConfigClusterResolver - Resolving eureka endpoints via configuration
2026-07-16 16:37:11.007 INFO  [AsyncResolver-bootstrap-executor-%d] c.n.d.s.r.aws.ConfigClusterResolver - Resolving eureka endpoints via configuration
2026-07-16 16:42:11.014 INFO  [AsyncResolver-bootstrap-executor-%d] c.n.d.s.r.aws.ConfigClusterResolver - Resolving eureka endpoints via configuration
2026-07-16 16:47:11.015 INFO  [AsyncResolver-bootstrap-executor-%d] c.n.d.s.r.aws.ConfigClusterResolver - Resolving eureka endpoints via configuration
2026-07-16 16:52:11.032 INFO  [AsyncResolver-bootstrap-executor-%d] c.n.d.s.r.aws.ConfigClusterResolver - Resolving eureka endpoints via configuration
2026-07-16 16:57:11.044 INFO  [AsyncResolver-bootstrap-executor-%d] c.n.d.s.r.aws.ConfigClusterResolver - Resolving eureka endpoints via configuration
2026-07-16 17:02:11.061 INFO  [AsyncResolver-bootstrap-executor-%d] c.n.d.s.r.aws.ConfigClusterResolver - Resolving eureka endpoints via configuration
2026-07-16 17:07:11.065 INFO  [AsyncResolver-bootstrap-executor-%d] c.n.d.s.r.aws.ConfigClusterResolver - Resolving eureka endpoints via configuration
2026-07-16 17:12:11.079 INFO  [AsyncResolver-bootstrap-executor-%d] c.n.d.s.r.aws.ConfigClusterResolver - Resolving eureka endpoints via configuration
2026-07-16 17:17:11.081 INFO  [AsyncResolver-bootstrap-executor-%d] c.n.d.s.r.aws.ConfigClusterResolver - Resolving eureka endpoints via configuration
2026-07-16 17:22:11.096 INFO  [AsyncResolver-bootstrap-executor-%d] c.n.d.s.r.aws.ConfigClusterResolver - Resolving eureka endpoints via configuration
2026-07-16 17:27:11.109 INFO  [AsyncResolver-bootstrap-executor-%d] c.n.d.s.r.aws.ConfigClusterResolver - Resolving eureka endpoints via configuration
2026-07-16 17:32:11.124 INFO  [AsyncResolver-bootstrap-executor-%d] c.n.d.s.r.aws.ConfigClusterResolver - Resolving eureka endpoints via configuration
2026-07-16 17:37:11.140 INFO  [AsyncResolver-bootstrap-executor-%d] c.n.d.s.r.aws.ConfigClusterResolver - Resolving eureka endpoints via configuration
2026-07-16 17:42:11.142 INFO  [AsyncResolver-bootstrap-executor-%d] c.n.d.s.r.aws.ConfigClusterResolver - Resolving eureka endpoints via configuration
2026-07-16 17:47:11.150 INFO  [AsyncResolver-bootstrap-executor-%d] c.n.d.s.r.aws.ConfigClusterResolver - Resolving eureka endpoints via configuration
2026-07-16 17:52:11.164 INFO  [AsyncResolver-bootstrap-executor-%d] c.n.d.s.r.aws.ConfigClusterResolver - Resolving eureka endpoints via configuration
2026-07-16 17:57:11.167 INFO  [AsyncResolver-bootstrap-executor-%d] c.n.d.s.r.aws.ConfigClusterResolver - Resolving eureka endpoints via configuration
2026-07-16 18:02:11.176 INFO  [AsyncResolver-bootstrap-executor-%d] c.n.d.s.r.aws.ConfigClusterResolver - Resolving eureka endpoints via configuration
2026-07-16 18:07:15.023 INFO  [AsyncResolver-bootstrap-executor-%d] c.n.d.s.r.aws.ConfigClusterResolver - Resolving eureka endpoints via configuration
2026-07-16 18:12:15.031 INFO  [AsyncResolver-bootstrap-executor-%d] c.n.d.s.r.aws.ConfigClusterResolver - Resolving eureka endpoints via configuration
2026-07-16 18:17:15.041 INFO  [AsyncResolver-bootstrap-executor-%d] c.n.d.s.r.aws.ConfigClusterResolver - Resolving eureka endpoints via configuration
2026-07-16 18:22:15.044 INFO  [AsyncResolver-bootstrap-executor-%d] c.n.d.s.r.aws.ConfigClusterResolver - Resolving eureka endpoints via configuration
2026-07-16 18:27:15.049 INFO  [AsyncResolver-bootstrap-executor-%d] c.n.d.s.r.aws.ConfigClusterResolver - Resolving eureka endpoints via configuration
2026-07-16 18:32:15.064 INFO  [AsyncResolver-bootstrap-executor-%d] c.n.d.s.r.aws.ConfigClusterResolver - Resolving eureka endpoints via configuration
2026-07-16 18:37:15.072 INFO  [AsyncResolver-bootstrap-executor-%d] c.n.d.s.r.aws.ConfigClusterResolver - Resolving eureka endpoints via configuration
2026-07-17 11:58:58.857 INFO  [restartedMain] c.m.editorial.EditorialApplication - Starting EditorialApplication using Java 21.0.2 with PID 13980 (C:\Temp\MediaHub_Final_Clean\MediaHub-Integrated_eurekaserver_apigateway\MediaHub-Integrated\editorial\target\classes started by 2506595 in C:\Temp\MediaHub_Final_Clean\MediaHub-Integrated_eurekaserver_apigateway\MediaHub-Integrated\editorial)
2026-07-17 11:58:58.859 DEBUG [restartedMain] c.m.editorial.EditorialApplication - Running with Spring Boot v3.3.4, Spring v6.1.13
2026-07-17 11:58:58.860 INFO  [restartedMain] c.m.editorial.EditorialApplication - No active profile set, falling back to 1 default profile: "default"
2026-07-17 11:58:58.936 INFO  [restartedMain] o.s.b.d.e.DevToolsPropertyDefaultsPostProcessor - Devtools property defaults active! Set 'spring.devtools.add-properties' to 'false' to disable
2026-07-17 11:58:58.937 INFO  [restartedMain] o.s.b.d.e.DevToolsPropertyDefaultsPostProcessor - For additional web related logging consider setting the 'logging.level.web' property to 'DEBUG'
2026-07-17 11:59:00.735 INFO  [restartedMain] o.s.d.r.c.RepositoryConfigurationDelegate - Bootstrapping Spring Data JPA repositories in DEFAULT mode.
2026-07-17 11:59:01.060 INFO  [restartedMain] o.s.d.r.c.RepositoryConfigurationDelegate - Finished Spring Data repository scanning in 316 ms. Found 3 JPA repository interfaces.
2026-07-17 11:59:01.463 INFO  [restartedMain] o.s.cloud.context.scope.GenericScope - BeanFactory id=26bb47c5-9770-37cc-914b-dd74c318221b
2026-07-17 11:59:01.933 WARN  [restartedMain] o.s.c.s.PostProcessorRegistrationDelegate$BeanPostProcessorChecker - Bean 'org.springframework.cloud.client.loadbalancer.LoadBalancerAutoConfiguration$DeferringLoadBalancerInterceptorConfig' of type [org.springframework.cloud.client.loadbalancer.LoadBalancerAutoConfiguration$DeferringLoadBalancerInterceptorConfig] is not eligible for getting processed by all BeanPostProcessors (for example: not eligible for auto-proxying). The currently created BeanPostProcessor [lbRestClientPostProcessor] is declared through a non-static factory method on that class; consider declaring it as static instead.
2026-07-17 11:59:01.937 WARN  [restartedMain] o.s.c.s.PostProcessorRegistrationDelegate$BeanPostProcessorChecker - Bean 'deferringLoadBalancerInterceptor' of type [org.springframework.cloud.client.loadbalancer.DeferringLoadBalancerInterceptor] is not eligible for getting processed by all BeanPostProcessors (for example: not eligible for auto-proxying). Is this bean getting eagerly injected into a currently created BeanPostProcessor [lbRestClientPostProcessor]? Check the corresponding BeanPostProcessor declaration and its dependencies.
2026-07-17 11:59:01.944 WARN  [restartedMain] o.s.c.s.PostProcessorRegistrationDelegate$BeanPostProcessorChecker - Bean 'org.springframework.cloud.client.loadbalancer.reactive.LoadBalancerBeanPostProcessorAutoConfiguration' of type [org.springframework.cloud.client.loadbalancer.reactive.LoadBalancerBeanPostProcessorAutoConfiguration] is not eligible for getting processed by all BeanPostProcessors (for example: not eligible for auto-proxying). The currently created BeanPostProcessor [loadBalancerWebClientBuilderBeanPostProcessor] is declared through a non-static factory method on that class; consider declaring it as static instead.
2026-07-17 11:59:01.947 WARN  [restartedMain] o.s.c.s.PostProcessorRegistrationDelegate$BeanPostProcessorChecker - Bean 'org.springframework.cloud.client.loadbalancer.reactive.LoadBalancerBeanPostProcessorAutoConfiguration$ReactorDeferringLoadBalancerFilterConfig' of type [org.springframework.cloud.client.loadbalancer.reactive.LoadBalancerBeanPostProcessorAutoConfiguration$ReactorDeferringLoadBalancerFilterConfig] is not eligible for getting processed by all BeanPostProcessors (for example: not eligible for auto-proxying). Is this bean getting eagerly injected into a currently created BeanPostProcessor [loadBalancerWebClientBuilderBeanPostProcessor]? Check the corresponding BeanPostProcessor declaration and its dependencies.
2026-07-17 11:59:01.951 WARN  [restartedMain] o.s.c.s.PostProcessorRegistrationDelegate$BeanPostProcessorChecker - Bean 'reactorDeferringLoadBalancerExchangeFilterFunction' of type [org.springframework.cloud.client.loadbalancer.reactive.DeferringLoadBalancerExchangeFilterFunction] is not eligible for getting processed by all BeanPostProcessors (for example: not eligible for auto-proxying). Is this bean getting eagerly injected into a currently created BeanPostProcessor [loadBalancerWebClientBuilderBeanPostProcessor]? Check the corresponding BeanPostProcessor declaration and its dependencies.
2026-07-17 11:59:02.771 INFO  [restartedMain] o.s.b.w.e.tomcat.TomcatWebServer - Tomcat initialized with port 9097 (http)
2026-07-17 11:59:02.797 INFO  [restartedMain] o.a.coyote.http11.Http11NioProtocol - Initializing ProtocolHandler ["http-nio-9097"]
2026-07-17 11:59:02.803 INFO  [restartedMain] o.a.catalina.core.StandardService - Starting service [Tomcat]
2026-07-17 11:59:02.805 INFO  [restartedMain] o.a.catalina.core.StandardEngine - Starting Servlet engine: [Apache Tomcat/10.1.30]
2026-07-17 11:59:02.947 INFO  [restartedMain] o.a.c.c.C.[Tomcat].[localhost].[/] - Initializing Spring embedded WebApplicationContext
2026-07-17 11:59:02.948 INFO  [restartedMain] o.s.b.w.s.c.ServletWebServerApplicationContext - Root WebApplicationContext: initialization completed in 4008 ms
2026-07-17 11:59:03.299 DEBUG [restartedMain] c.m.editorial.security.JwtFilter - Filter 'jwtFilter' configured for use
2026-07-17 11:59:03.507 INFO  [restartedMain] o.h.jpa.internal.util.LogHelper - HHH000204: Processing PersistenceUnitInfo [name: default]
2026-07-17 11:59:03.649 INFO  [restartedMain] org.hibernate.Version - HHH000412: Hibernate ORM core version 6.5.3.Final
2026-07-17 11:59:03.719 INFO  [restartedMain] o.h.c.i.RegionFactoryInitiator - HHH000026: Second-level cache disabled
2026-07-17 11:59:04.478 INFO  [restartedMain] o.s.o.j.p.SpringPersistenceUnitInfo - No LoadTimeWeaver setup: ignoring JPA class transformer
2026-07-17 11:59:04.572 INFO  [restartedMain] com.zaxxer.hikari.HikariDataSource - HikariPool-1 - Starting...
2026-07-17 11:59:05.423 INFO  [restartedMain] com.zaxxer.hikari.pool.HikariPool - HikariPool-1 - Added connection com.mysql.cj.jdbc.ConnectionImpl@67e546a1
2026-07-17 11:59:05.427 INFO  [restartedMain] com.zaxxer.hikari.HikariDataSource - HikariPool-1 - Start completed.
2026-07-17 11:59:07.307 INFO  [restartedMain] o.h.e.t.j.p.i.JtaPlatformInitiator - HHH000489: No JTA platform available (set 'hibernate.transaction.jta.platform' to enable JTA platform integration)
2026-07-17 11:59:07.392 INFO  [restartedMain] o.s.o.j.LocalContainerEntityManagerFactoryBean - Initialized JPA EntityManagerFactory for persistence unit 'default'
2026-07-17 11:59:08.900 WARN  [restartedMain] o.s.b.a.o.j.JpaBaseConfiguration$JpaWebConfiguration - spring.jpa.open-in-view is enabled by default. Therefore, database queries may be performed during view rendering. Explicitly configure spring.jpa.open-in-view to disable this warning
2026-07-17 11:59:08.987 WARN  [restartedMain] o.s.b.a.s.s.UserDetailsServiceAutoConfiguration - 

Using generated security password: 0101b0e9-363f-4f0d-8705-cb353885b79a

This generated password is for development use only. Your security configuration must be updated before running your application in production.

2026-07-17 11:59:09.032 INFO  [restartedMain] o.s.s.c.a.a.c.InitializeUserDetailsBeanManagerConfigurer$InitializeUserDetailsManagerConfigurer - Global AuthenticationManager configured with UserDetailsService bean with name inMemoryUserDetailsManager
2026-07-17 11:59:10.064 INFO  [restartedMain] o.s.b.a.e.web.EndpointLinksResolver - Exposing 5 endpoints beneath base path '/actuator'
2026-07-17 11:59:11.248 INFO  [restartedMain] o.s.b.d.a.OptionalLiveReloadServer - LiveReload server is running on port 35729
2026-07-17 11:59:11.345 INFO  [restartedMain] o.s.c.n.e.c.DiscoveryClientOptionalArgsConfiguration - Eureka HTTP Client uses RestTemplate.
2026-07-17 11:59:11.501 WARN  [restartedMain] o.s.c.l.c.LoadBalancerCacheAutoConfiguration$LoadBalancerCaffeineWarnLogger - Spring Cloud LoadBalancer is currently working with the default cache. While this cache implementation is useful for development and tests, it's recommended to use Caffeine cache in production.You can switch to using Caffeine cache, by adding it and org.springframework.cache.caffeine.CaffeineCacheManager to the classpath.
2026-07-17 11:59:11.666 INFO  [restartedMain] o.s.c.n.eureka.InstanceInfoFactory - Setting initial instance status as: STARTING
2026-07-17 11:59:11.719 INFO  [restartedMain] c.netflix.discovery.DiscoveryClient - Initializing Eureka in region us-east-1
2026-07-17 11:59:11.732 INFO  [restartedMain] c.n.d.s.r.aws.ConfigClusterResolver - Resolving eureka endpoints via configuration
2026-07-17 11:59:11.756 INFO  [restartedMain] c.netflix.discovery.DiscoveryClient - Disable delta property : false
2026-07-17 11:59:11.756 INFO  [restartedMain] c.netflix.discovery.DiscoveryClient - Single vip registry refresh property : null
2026-07-17 11:59:11.758 INFO  [restartedMain] c.netflix.discovery.DiscoveryClient - Force full registry fetch : false
2026-07-17 11:59:11.759 INFO  [restartedMain] c.netflix.discovery.DiscoveryClient - Application is null : false
2026-07-17 11:59:11.759 INFO  [restartedMain] c.netflix.discovery.DiscoveryClient - Registered Applications size is zero : true
2026-07-17 11:59:11.759 INFO  [restartedMain] c.netflix.discovery.DiscoveryClient - Application version is -1: true
2026-07-17 11:59:11.760 INFO  [restartedMain] c.netflix.discovery.DiscoveryClient - Getting all instance registry info from the eureka server
2026-07-17 11:59:12.702 INFO  [restartedMain] c.netflix.discovery.DiscoveryClient - The response status is 200
2026-07-17 11:59:12.706 INFO  [restartedMain] c.netflix.discovery.DiscoveryClient - Starting heartbeat executor: renew interval is: 10
2026-07-17 11:59:12.712 INFO  [restartedMain] c.n.discovery.InstanceInfoReplicator - InstanceInfoReplicator onDemand update allowed rate per min is 4
2026-07-17 11:59:12.716 INFO  [restartedMain] c.netflix.discovery.DiscoveryClient - Discovery Client initialized at timestamp 1784269752715 with initial instances count: 4
2026-07-17 11:59:12.735 INFO  [restartedMain] o.s.c.n.e.s.EurekaServiceRegistry - Registering application MEDIAHUB-EDITORIAL with eureka with status UP
2026-07-17 11:59:12.737 INFO  [restartedMain] c.netflix.discovery.DiscoveryClient - Saw local status change event StatusChangeEvent [timestamp=1784269752737, current=UP, previous=STARTING]
2026-07-17 11:59:12.740 INFO  [restartedMain] o.a.coyote.http11.Http11NioProtocol - Starting ProtocolHandler ["http-nio-9097"]
2026-07-17 11:59:12.742 INFO  [DiscoveryClient-InstanceInfoReplicator-%d] c.netflix.discovery.DiscoveryClient - DiscoveryClient_MEDIAHUB-EDITORIAL/LTIN709840.cts.com:mediahub-editorial:9097: registering service...
2026-07-17 11:59:12.804 INFO  [restartedMain] o.s.b.w.e.tomcat.TomcatWebServer - Tomcat started on port 9097 (http) with context path '/'
2026-07-17 11:59:12.807 INFO  [restartedMain] o.s.c.n.e.s.EurekaAutoServiceRegistration - Updating port to 9097
2026-07-17 11:59:12.839 INFO  [DiscoveryClient-InstanceInfoReplicator-%d] c.netflix.discovery.DiscoveryClient - DiscoveryClient_MEDIAHUB-EDITORIAL/LTIN709840.cts.com:mediahub-editorial:9097 - registration status: 204
2026-07-17 11:59:12.853 INFO  [restartedMain] c.m.editorial.EditorialApplication - Started EditorialApplication in 14.822 seconds (process running for 15.626)
2026-07-17 11:59:13.006 INFO  [restartedMain] c.m.editorial.EditorialApplication - EditorialApplication started successfully
2026-07-17 12:04:11.788 INFO  [AsyncResolver-bootstrap-executor-%d] c.n.d.s.r.aws.ConfigClusterResolver - Resolving eureka endpoints via configuration
2026-07-17 12:09:11.813 INFO  [AsyncResolver-bootstrap-executor-%d] c.n.d.s.r.aws.ConfigClusterResolver - Resolving eureka endpoints via configuration
2026-07-17 12:14:11.815 INFO  [AsyncResolver-bootstrap-executor-%d] c.n.d.s.r.aws.ConfigClusterResolver - Resolving eureka endpoints via configuration
2026-07-17 12:19:11.829 INFO  [AsyncResolver-bootstrap-executor-%d] c.n.d.s.r.aws.ConfigClusterResolver - Resolving eureka endpoints via configuration
